model,target_genre,prompt_idx,sample_id,base_prompt,generated
mistral,Historical Adventure,1,1,Write a description of an autumn morning in a melancholic style.,"Title: Whispers of the Amber Leaves

In the quietude of an autumn morning, the gentle sun peeked over the horizon, casting a golden hue over the slumbering village. The once vibrant hues of greens and blues had given way to amber and gold, a melancholic symphony of colors that whispered of the passing of time.

The cobblestone streets, now slick with the dew of the night, echoed the hollowed steps of the early risers. The villagers moved with a somber grace, their faces lined with the weight of the season, their hearts heavy with the bittersweet knowledge that winter was not far behind.

The"
mistral,Historical Adventure,1,2,Write a description of an autumn morning in a melancholic style.,"Title: Autumn's Last Embrace

In the waning days of the harvest season, as the gold and crimson leaves began to lose their grip on the trees, a melancholic hush settled upon the village of Willowbrook. Nestled in the rolling hills of an ancient land, the village was bathed in the soft glow of the autumn sun, yet the air carried a bittersweet chill that whispered of the approaching winter.

The villagers of Willowbrook, led by the stoic and somber Mayor Aldric, rose early that crisp autumn morning. The sun, still weak and reticent, struggled to banish the last vestiges of night. The villagers"
mistral,Historical Adventure,1,3,Write a description of an autumn morning in a melancholic style.,"Title: Whispers of Autumn's Farewell

Beneath the vast canopy of a crisp autumn sky, the once vibrant village of Elmswood now lay draped in melancholy. The trees that had once sung a symphony of brilliant hues now wept in sorrow, their leaves a fiery blend of gold, orange, and red, clinging to branches in a last desperate bid for life. The sun's early rays pierced through the mist, casting long, eerie shadows across the cobblestone streets.

The dewy ground underfoot, once lush and green, now crackled with each step as the villagers, bundled in thick coats"
mistral,Historical Adventure,1,4,Write a description of an autumn morning in a melancholic style.,"Title: Whispers of the Crimson Leaves

In the quietude of an autumn morning, the sun began to rise, casting long, melancholic shadows over the quaint village nestled in the heart of the English countryside. The crisp air was heavy with the scent of woodsmoke and damp earth, and the village was blanketed in a hush of stillness, as if the very Earth held its breath in anticipation of the day to come.

The once lush and vibrant gardens, now adorned with the rustic splendor of crimson leaves, crunched softly beneath each footstep, the sound a reminder of the passing of time. The village square, enveloped in"
mistral,Historical Adventure,1,5,Write a description of an autumn morning in a melancholic style.,"Title: Whispers of the Scarlet Autumn

Beneath the waning light of the moon, the sleepy hamlet of Rookwood awoke to the gentle caress of an autumn morning. The village, tucked away in the rolling hills of Cornwall, was bathed in the warm, honeyed glow of the sun, which crept over the horizon, reluctant to bid farewell to the tranquil night. Yet, the melancholic beauty of the scarlet season hung heavy in the air.

The gnarled trees that lined the cobblestone streets, once clad in the vibrant hues of summer, now donned a rustic array of crimson, gold,"
mistral,Historical Adventure,2,1,Create a short text portraying an autumn morning with a melancholic atmosphere.,"Title: Whispers of the Crimson Leaves

In the quiet town of Esterhazy, nestled between the rolling hills of Transylvania, the autumn morning was painting the world in hues of crimson and gold. The sun peeked over the horizon, its golden rays reaching out to touch the last remnants of summer in the quaint village. Yet, there was a melancholic calm that hung in the air, a whisper of the impending winter that was lurking just around the corner.

The leaves of the old chestnut tree lining the town square danced gracefully in the cool autumn breeze, their vibrant reds and yellows stark against the graying sky"
mistral,Historical Adventure,2,2,Create a short text portraying an autumn morning with a melancholic atmosphere.,"Title: Whispers of the Crimson Leaves

Amidst the tranquil autumn morn, a gentle haze hung in the air, as if painted with a soft brush by an unseen artist. The sun, a fiery orb of amber and gold, rose slowly over the quiet village nestled in the heart of the English countryside. The once vibrant trees now donned a crimson and golden finery, their leaves whispering tales of the fleeting year.

A misty veil cloaked the village, as autumn's first breath of chilly wind weaved through the cobblestone streets, enveloping the village in its melancholic embrace. The clock tower, standing"
mistral,Historical Adventure,2,3,Create a short text portraying an autumn morning with a melancholic atmosphere.,"Title: Whispers of Autumn's End

In the quiet hamlet of Mellory, nestled within the rolling hills of the English countryside, autumn's gentle touch began to weave its magic on a crisp morning. The first rays of sunlight peeked over the horizon, casting a warm golden glow over the village. Yet, there was a melancholic hue that hung in the air, as if whispering the end of summer's embrace.

The trees that had once blazed with vibrant hues of red, orange, and gold now donned a more subdued palette, their leaves surrendering to the inexorable passage of time. The once-"
mistral,Historical Adventure,2,4,Create a short text portraying an autumn morning with a melancholic atmosphere.,"Title: Whispers of the Crimson Leaves

Amidst the tranquil village of Wessex, nestled in the lush English countryside, the autumnal mornings cast a melancholic spell. The sun, draped in the rosy hues of dawn, painted the horizon with a breathtaking tapestry of colors. The once verdant trees stood tall and proud, their leaves now a riot of reds, oranges, and yellows, signaling the impending winter.

The village, shrouded in the crisp morning mist, was eerily quiet. The melodic chirping of crickets, which once filled the air with their sweet sym"
mistral,Historical Adventure,2,5,Create a short text portraying an autumn morning with a melancholic atmosphere.,"Title: Whispers of Autumn's Relinquishment

In the quaint village of Wiltshire, nestled among the rolling hills of the English countryside, an autumn morning unfurled its melancholic beauty. The sun crept over the horizon, its amber rays casting long shadows upon the cobblestone streets. The village, once bustling with life, now lay dormant, as if in a deep slumber, awaiting the onset of winter.

The crisp air carried the scent of wood smoke and damp earth, a mellow symphony of Autumn's fading splendor. The trees, once vibrant with the brilliant hues of red, gold, and"
mistral,Historical Adventure,3,1,Describe an autumn morning using a sad nostalgic literary tone.,"Title: The Autumn's Last Embrace

In the quaint and tranquil village of Wessex, nestled in the rolling hills of the English countryside, an autumn morning unfurled its bittersweet tapestry before me. The once-vibrant leaves on the ancient oaks, maples, and elms now donned a melancholic palette, their fiery hues of scarlet, mahogany, and umber a poignant reminder of the fleeting passage of time. The trees, once a symphony of life, now stood as silent sentinels, their branches bearing witness to the inexorable march of the seasons.

As the first light"
mistral,Historical Adventure,3,2,Describe an autumn morning using a sad nostalgic literary tone.,"Title: Whispers of the Amber Rain

Beneath the somber canopy of an autumnal sky, a gentle rain of amber hues fell upon the sleepy hamlet of Elderbrook. The once vibrant trees, now surrendering to the inexorable passage of time, wept amber tears, their leaves transforming into a tapestry of sadness and beauty.

The cobblestone streets, slick with the remnants of a thousand autumns, echoed with the hollow footsteps of the villagers, as they went about their morning chores, their faces etched with the lines of reminiscence. The crisp autumn air carried with it the"
mistral,Historical Adventure,3,3,Describe an autumn morning using a sad nostalgic literary tone.,"Title: Whispers of the Crimson Leaves

In the quaint hamlet of Wiltshire, situated amidst the undulating hills of the English countryside, there lies an autumn morning that clings onto the last vestiges of summer's warm embrace. The once vibrant and lush landscape now dons the somber palette of crimson, gold, and amber, as nature's grand symphony of change heralds the arrival of another season.

The sun, a weary traveler, rises reluctantly above the horizon, casting long shadows across the empty cobblestone streets, as the first light of day begins to illuminate the sleepy village. The air, heavy with"
mistral,Historical Adventure,3,4,Describe an autumn morning using a sad nostalgic literary tone.,"Title: Whispers of Amber and Gold

Once upon an autumn morn, in a quaint English hamlet, where the echoes of time seemed to linger in the crisp morning air. The village, shrouded in mist, nestled amongst the rolling hills, where the red and gold leaves of the oak trees wept silently upon the quiet earth. The sun rose slow and heavy, casting long shadows across the slumbering land.

The once vibrant gardens now lay fallow, the flowers wilted, their petals a dying dance upon the dew-kissed grass. The air held a bittersweet melancholy, a palpable reminder of the fleeting beauty"
mistral,Historical Adventure,3,5,Describe an autumn morning using a sad nostalgic literary tone.,"Title: Whispers of Amber Autumn

In the quietude of an autumn morn, when the earth surrendered to the gentle embrace of twilight, a quaint English hamlet stirred from its slumber. Once upon a time, in the heart of this humble settlement, there resided a wise old hermit named Edgar. He lived in the crumbling remnants of a once magnificent manor, a melancholic silhouette against the amber sky.

As the sun's first rays touched the earth, they cast long, sorrowful shadows that danced upon the cobblestone streets. The trees, now bereft of their summer garb, stood"
mistral,Historical Adventure,4,1,Write a poetic paragraph about an autumn morning filled with melancholy.,"In the quiet heart of October's gentle reign, An autumn morning painted in hues of gold and pain, The sun rose slow, a molten orb of light, Casting long, amber shadows through the twilight,

Leaves danced in the breeze, a spectral ballet, Their fiery colors fading in the soft disarray, The crisp air whispered the secrets of the trees, As nature wept, the harbinger of winter's pleas,

The mist clung to the earth, a melancholic shroud, A bittersweet symphony, in every pore and cloud, The silence broken by the distant church bell's toll, Marking the passage from"
mistral,Historical Adventure,4,2,Write a poetic paragraph about an autumn morning filled with melancholy.,"Amidst the waning days of languid summer's reign,
When gold and crimson blanketed the earth in rain,
Awoke the slumbering landscape, clad in autumn's grace,
With a melancholy hue, as if in silent grace.

Beneath the weeping willow, leaves in shades of gold,
Fell softly to the silent ground, in stories untold.
An autumn morning bathed in gentle light,
Where nature wept, in hues of day and night.

As whispers of the wind, through the trees they sang,
The lament of the season, to the mournful, broken heart,"
mistral,Historical Adventure,4,3,Write a poetic paragraph about an autumn morning filled with melancholy.,"Amidst the quilted tapestry of autumn's mellow hue, Awake, the slumbering land, as sunbeams broke through, The crimson and gold leaves of ancient oaks unfurled, In whispered breaths, the air began to twirl.

Awaken, sleepy world, beneath the silvered sky, Waking up to the symphony of autumn's sigh, The harvest moon, her golden light kissed goodbye, As the season's end with a soft, gentle cry.

Yet within this picturesque tableau, there lies A sense of wistful longing, a melancholic daze, The echoes of summer past,"
mistral,Historical Adventure,4,4,Write a poetic paragraph about an autumn morning filled with melancholy.,"Amidst the twilight of the waning year, A splendor of red and gold aspires, In the hushed embrace of autumn morn, Where whispers of the past ignite.

Beneath the kaleidoscopic canopy, A tapestry of amber and auburn leaves, Sway to the gentle rhythm of the breeze, Their rustling whispers, the echoes of the past.

The sun ascends the azure sky, A feast of fiery hues ajar, Casting elongated shadows on the ground, As time treads its quiet, incessant path.

A melancholic symphony, sweetly sung, Res"
mistral,Historical Adventure,4,5,Write a poetic paragraph about an autumn morning filled with melancholy.,"Amidst the waning days of golden September,
Awakening from the slumber of the night's cool embrace,
An autumn morning beckons, clad in gentle sadness,
A melancholic masterpiece woven in the fabric of time.

Brittle leaves, once verdant and resplendent,
Tumble and twirl in a symphony of colors,
Painting the forest floor in hues of scarlet and amber,
As the sun slowly rises, bidding the moon a fond farewell.

Whispers of the wind, carrying the sweet fragrance of decay,
Mingling with the smoldering memories of summer'"
mistral,Historical Adventure,5,1,Write a literary description of an autumn morning using metaphors and sensory imagery.,"In the quaint village of Wychwood, tucked away in the tranquil English countryside, the autumn mornings unfurled their enchanting spectacle. Nestled among the hues of amber and crimson, the village dwellings lay dormant, their bricks softened by the dew-kissed morning. The sun's rays, like a gentle painter's brush, began to trace golden strokes upon the landscape, breathing life and color back into the village.

The trees, harbingers of the season, stood proud, their leaves aflame with the fervor of a thousand sunsets. They shivered in the morning breeze, their branches a delicate tap"
mistral,Historical Adventure,5,2,Write a literary description of an autumn morning using metaphors and sensory imagery.,"Title: Amber Dawn Awakening

In the quaint little hamlet of Amberley, nestled in the lush English countryside, where the trees wore their most resplendent Autumn attire, arose an autumn morning of ethereal beauty. The sun, a golden orb, peeked over the horizon, casting long shadows that danced upon the crimson and gold-hued leaves, as if in a choreographed ballet.

The air held a crispness, as if each breath drawn carried the scent of dried leaves, woodsmoke, and the faint sweetness of apples ripening on the trees. The autumn wind whispered through the barren branches,"
mistral,Historical Adventure,5,3,Write a literary description of an autumn morning using metaphors and sensory imagery.,"Title: Whispers of Autumn's Embrace

In the crisp and golden hue of an autumn morning, the world awakened, as if from a slumber, to the gentle caress of the sunlight. The trees, once a vibrant and lush canopy of green, now stood proudly in their regal reds, oranges, and yellows, their leaves like flames against the cool and clear blue sky.

The cool autumn breeze whispered through the trees, carrying with it the aroma of woodsmoke and fallen leaves, a scent both comforting and evocative, a reminder of hearth and home. The sun's warm embrace filtered through the vibrant fol"
mistral,Historical Adventure,5,4,Write a literary description of an autumn morning using metaphors and sensory imagery.,"Title: The Autumn Equinox Enchantment

Amidst the gentle slumber of the waning year, an autumn morning unveiled its celestial tapestry before the breaking dawn. In the quaint village of Willowbrook, nestled in the folds of a verdant valley, auburn hues seeped into the sleeping landscape, as if the earth itself had donned the cloak of the season.

Bare trees, once resplendent with emerald foliage and lively canopies, stood stark against the sky, their limbs reaching out like skeletal hands, embracing the crisp air. The leaves, in their dying splendor"
mistral,Historical Adventure,5,5,Write a literary description of an autumn morning using metaphors and sensory imagery.,"Amidst the tranquil village of Autumn's Embrace, nestled in the rolling hills of an ancient land, lay an enchanting scene. The sun had not yet risen, but the heavens were already ablaze with a tapestry of hues: crimson, gold, and orange melded into a breathtaking tableau. The village, draped in a cloak of mist, seemed to slumber peacefully, waiting for the gentle caress of the dawn.

The trees, once adorned with the vibrant greens of spring and summer, now wore the resplendent robes of autumn. Golden leaves, like a chorus of the season, danced"
mistral,Fantasy,1,1,Write a description of an autumn morning in a melancholic style.,"Title: Whispers of the Withered Wood

Text: In the twilight realm of Eldriwood, where the last vestiges of summer clung stubbornly to the waning days, an autumn morning unfurled. The forest, once vibrant and alive with the cacophony of a thousand voices, now whispered its sorrows in hushed breaths. gold and red leaves fluttered gently from the skeletal branches of ancient trees, like the dying embers of a once-great fire.

A spectral mist, heavy with the scent of decay, settled over the forest floor, obscuring the damp earth beneath. The once sparkling streams now flowed slow and slugg"
mistral,Fantasy,1,2,Write a description of an autumn morning in a melancholic style.,"Title: The Whispers of the Scarlet Autumn

Beneath the heavy canopy of the ancient forest, the first light of autumn crept in, painting the world in hues of scarlet and gold. The air held an undeniable melancholy, as the trees wept their leaves in a symphony of whispering sighs. The morn was a quiet observer of the mourning woodland, where the sun's golden rays failed to awaken the spirit of the dying season.

Amidst this bittersweet transition, deep within the heart of the forest, hid the enigmatic village of Solang. The quaint dwellings of the villagers, with their thatched"
mistral,Fantasy,1,3,Write a description of an autumn morning in a melancholic style.,"Title: The Tales of the Autumn Morn

In the waning land of Eldoria, where the last vestiges of summer clung to the crisp edges of the world, there unfurled a melancholic tale of autumn morn. The air, once lush with the intoxicating perfume of blooming flowers, now bore the pensive scent of decaying leaves and the subtle, bittersweet aroma of bonfires.

The sun, a weary traveler, ascended the eastern horizon with the labored grace of an aging king. His golden rays struggled to penetrate the thickening veil of mist that shrouded the forest, casting an ethereal"
mistral,Fantasy,1,4,Write a description of an autumn morning in a melancholic style.,"Title: Whispers of the Withered Grove

Amidst the twilight hues of an autumnal morn, the forest of Whispers stirred, its slumbering enchantments brushing aside the veil of slumber. The waning sun cast long, golden fingers through the skeletal branches of the withered grove, casting a melancholic dance upon the damp earth. The air was thick with the scent of decaying leaves and the bittersweet taste of impending winter.

Awakened by the gentle caress of the autumn breeze, the forest animals began their morning rituals, their haunting calls echoing through the stillness. The distant c"
mistral,Fantasy,1,5,Write a description of an autumn morning in a melancholic style.,"Amidst the desolate landscape of the Forgotten Forest, the autumn sun rose, casting long, elongated shadows that danced upon the ancient trees. The forest, once a vibrant tapestry of life, now lay shrouded in melancholy. A crisp chill pervaded the air, a chill that seemed to seep into the very depths of one's soul.

The once verdant leaves adorning the forest canopy had turned into a fiery symphony of reds, oranges, and yellows. They now lay scattered upon the forest floor, a fallen testament to the passing of the season. The once tranquil babbling brooks echoed"
mistral,Fantasy,2,1,Create a short text portraying an autumn morning with a melancholic atmosphere.,"Title: Whispers of the Waning Year

Text: In the land of Aurendor, where the leaves of the ancient trees donned the most vibrant hues of autumn, there unfolded a tale of quiet reflection and melancholic beauty. As the first light of dawn crept over the horizon, the forest awoke in a whispering symphony of colors. The once verdant canopy of leaves now donned fiery shades of crimson, gold, and amber. Sunlight filtered through the leaves, casting a warm, golden glow upon the forest floor.

Amidst this breathtaking tableau, there lived a solitary figure named Elarion. He was"
mistral,Fantasy,2,2,Create a short text portraying an autumn morning with a melancholic atmosphere.,"Title: Whispers of the Waning Year

Text: In the enchanted woods of Eldrida, where the trees were aflame with the vibrant hues of autumn, a young elven bard named Elunor woke up to the melancholic whispers of the waning year. The sun had not yet risen, but the forest was already alive with the golden light filtering through the leaves, casting a warm glow over the mossy floor.

The crisp autumn air carried the gentle scent of decaying leaves, adding to the bittersweet symphony of the season. Elunor could hear the distant hoots of the wise old owls, the mourn"
mistral,Fantasy,2,3,Create a short text portraying an autumn morning with a melancholic atmosphere.,"Title: The Whispers of the Amber Woods

Text: Amidst the waning days of autumn, in the heart of the Amber Woods, the sun rose with a melancholic grace. The once vibrant leaves of the ancient trees now donned hues of crimson and gold, shimmering in the early morning light. A cool breeze whispered through the woods, carrying with it the sadness of the approaching winter.

In a small, secluded clearing, there sat a young woman named Amara. Her eyes were filled with a wistful longing, lost in the memories of summers past. The golden leaves danced around her, painting the air with their vibrant colors, a"
mistral,Fantasy,2,4,Create a short text portraying an autumn morning with a melancholic atmosphere.,"Title: Whispers of the Waning Wood
Text: In the gentle embrace of an autumn morning, the ancient forest of Eldreth stirred. Amber and gold leaves danced in the soft breeze, weaving a tapestry of light and shadow upon the forest floor. But beneath the beauty of the season's final bloom, there lay a hint of melancholy.

The sun, though warm and inviting, held a bittersweet sweetness in its golden rays. The trees, once full of life and vibrancy, now stood bare and skeletal, their branches reaching out as if in a desperate plea for one last embrace of autumn's bounty. The once-"
mistral,Fantasy,2,5,Create a short text portraying an autumn morning with a melancholic atmosphere.,"Title: Whispers of the Wilted Leaves

Beneath the gilded canopy of the ancient forest, the morn of Autumn draped itself in melancholy hues. The once vibrant and resplendent foliage now wept in a chorus of crimson, gold, and amber. The wind, a gentle breeze of yore, now carried with it the pensive whispers of wilted leaves.

Amidst this tapestry of autumnal sorrow, there stood the enigmatic figure of Eldrin, a hermit who had taken refuge in the heart of the forest. His eyes, as deep as the forest itself, held the wisdom of"
mistral,Fantasy,3,1,Describe an autumn morning using a sad nostalgic literary tone.,"In the waning days of the harvest season, as the last vestiges of summer's golden glow began to fade, there lay a land bathed in the melancholic hues of autumn. The realm of Eldrenwood, a place where the very air seemed to carry the bittersweet scent of impending winter. Here, on this crisp autumn morning, the sun rose slowly over the trees, gilding the edges of the leaves with a fiery, transient brilliance. Yet, as the sun's tender rays reached further into the forest, the once vibrant hues faded, succumbing to the inexorable pull of the encroaching winter.

Amidst the quietude of"
mistral,Fantasy,3,2,Describe an autumn morning using a sad nostalgic literary tone.,"Title: Whispers of Autumn's Farewell

In the wistful land of Aurelia, where the veil between reality and myth intertwined, an autumn morning unfurled its melancholic tapestry. The sun, a weary traveler bidding farewell to the encroaching night, struggled to peek above the horizon, casting a warm, bittersweet glow over the landscape.

The trees, once resplendent in emerald and topaz, now donned a somber robes of amber and scarlet, their leaves falling like tears on the forest floor, mingling with the crisp, golden leaves of the withered grass. The gentle"
mistral,Fantasy,3,3,Describe an autumn morning using a sad nostalgic literary tone.,"Title: The Whispers of the Scarlet Leaves

Beneath the heavy cloak of a melancholic autumn sky, the village of Eldren awoke to the somber symphony of a fading season. The once vibrant and bustling hamlet now lay draped in the amber hues of scarlet leaves, their rustling whispers echoing in the chilly crisp air.

The autumn sun emerged, reluctantly, over the horizon, casting long, lingering shadows on the cobblestone streets. The golden light filtered through the leafless trees, illuminating the village with a soft, wistful glow. Each ray of sunlight seemed to shimmer with a"
mistral,Fantasy,3,4,Describe an autumn morning using a sad nostalgic literary tone.,"In the waning days of the season, when the last vestiges of summer's golden glow gave way to the muted hues of autumn, there lay a quiet and melancholic village nestled in the heart of the Whispering Woods. The trees that surrounded it, once adorned in the vibrant greens and resplendent golds of spring and summer, now bore the weary and wistful colors of autumn's final days.

The sun rose that morning, casting long and lingering shadows across the forest floor, as if to hold onto the last remnants of warmth and light. The leaves that clung to the trees, once a symphony of reds, oranges"
mistral,Fantasy,3,5,Describe an autumn morning using a sad nostalgic literary tone.,"Title: The Autumn's Lament

In the waning days of the year, when the last vestiges of summer's warmth were fading into the crisp, cool mornings of autumn, there lies a quiet sadness in the land of Eldoria. The once vibrant hues of green and gold, that had once painted the world in a riot of colors, now gave way to a monochromatic palette of reds and golds, a mournful ode to the passing of the season.

The sun rose slowly over the horizon, casting long shadows that stretched out over the land like the despairing arms of one who has lost all hope. The golden leaves that had"
mistral,Fantasy,4,1,Write a poetic paragraph about an autumn morning filled with melancholy.,"In the land of Amarantha, where autumn's hues paint the terrain,
Awakes the day with gentle grace, a morn of melancholic reign.
Crimson and gold in tapestried splendor, leaves whispering tales,
An autumnal serenade, where sorrow and beauty prevail.

Beneath the canopy of trees in hues of amber and auburn,
Dawn's first light breaks, a transient, fleeting beauty to consign.
The crisp and cool air whispers secrets in a sigh,
As nature cries her autumn tears, the heavens a symphony.

An autumn morning, a time"
mistral,Fantasy,4,2,Write a poetic paragraph about an autumn morning filled with melancholy.,"Amidst the tapestry of twilight's end, an autumnal tableau unfurls, Where golden leaves in gentle whispers sing, A melancholic ode to seasons' twirl.

The sun, a fiery orb of amber hue, ascends the sky, in quiet embrace,
As daylight tiptoes through the slumbering woods, awakening nature's grace.
In hushed tones, the trees extol their annual grief,
Each leaf a somber sonnet on the autumn breeze.

A crisp perfume wafts through the air,
Bearing whispers of the winter's impending glare.
The rivers"
mistral,Fantasy,4,3,Write a poetic paragraph about an autumn morning filled with melancholy.,"In the land of Aurelia, where the autumn sun does rise, A golden hour of sorrow, in the twilight of the skies. Leaves in hues of crimson, amber, and gold, Dance in the breeze, a melancholic tale to be told. Sunlight filters through the boughs of trees, Painting the ground in a quilt of shimmering leaves. A bittersweet symphony, of wind and falling leaves, In the quietude of an autumn morning, where melancholy weaves. Beneath the heavens, as the day awakes, A fleeting beauty, in the heart of Autumn's wakes. The gentle chill of the morning air"
mistral,Fantasy,4,4,Write a poetic paragraph about an autumn morning filled with melancholy.,"Amidst the trembling branches of ancient trees,
A canopy of crimson and gold unfurls,
Beneath an autumn sky of sapphire hue,
A solace in the quiet, where time takes its toll.

Whispers of the wind, a gentle mournful song,
Through the shimmering leaves, a crispness in the air,
The sun, a weary traveller, rising slow,
A bittersweet symphony of autumn's flare.

Yet in this transient beauty, a sense of loss,
An echo of the fleeting moments that once were,
In the quiet hush of autumn's morn,"
mistral,Fantasy,4,5,Write a poetic paragraph about an autumn morning filled with melancholy.,"In the land of Amberleaf, where autumn's brush painted the earth, Awake I rose, in solitude, to find the morn, With leaves that whispered tales of loss, and skies that wept in scorn.

Beneath the quilted canopy of amber, gold, and crimson hues, I wandered through the woods, where once the laughter of the brook resounded. Yet now, in silence, it wept, its tears mingling with the rustling leaves as they danced in the autumn breeze.

The sun, a timid orb, reluctantly ascended the sky, its gentle light illuminating the transient beauty of the dying"
mistral,Fantasy,5,1,Write a literary description of an autumn morning using metaphors and sensory imagery.,"In the mystical land of Aurelia, where the seasons held their own enchantment, the onset of autumn was a spectacle to behold. The sun rose, not as a blazing orb, but as a tender golden apple, slowly ascending the sky. Its warm light caressed the trees, coaxing them to surrender their vibrant leaves, which fell gently like golden rain, painting the forest floor in hues of amber and crimson.

The crisp morning air was like the first sip of a sweet spiced cider, tingling the senses and leaving a trail of warmth in its wake. The scent of decaying leaves mingled with the earthy fragrance of"
mistral,Fantasy,5,2,Write a literary description of an autumn morning using metaphors and sensory imagery.,"Title: The Whispers of Autumn's Embrace

Awakening to the hush of an autumn morning, the forest stirred gently as if rousing from a long, peaceful slumber. The sun, a fiery orb of gold, peeked over the horizon, casting dappled shadows upon the forest floor, where the remnants of summer's vibrant foliage lay in a riot of reds, golds, and oranges.

The air held its breath, heavy with the scent of woodsmoke and decaying leaves, as the forest whispered its secrets to the dawn. The trees sighed, their leaves aflame with the fiery hues of autumn"
mistral,Fantasy,5,3,Write a literary description of an autumn morning using metaphors and sensory imagery.,"Amidst the dappled realm of Autumn's embrace, the sun's golden fingers crept over the horizon, painting the sky in hues of crimson and gold. The trees, once a vibrant tapestry of forest green, now donned the elegant attire of burnished auburns and amber golds, their leaves a symphony of crisp whispers as they danced from their arboreal branches and descended, in a passionate ballet, to the carpeted forest floor.

The air was a symphony of crisp, cool notes, as each breath was infused with the sultry scent of decaying leaves, mingling with the sweet perfume"
mistral,Fantasy,5,4,Write a literary description of an autumn morning using metaphors and sensory imagery.,"In the mystical land of Aurelium, where the sun cast golden rays upon the earth, an autumn morning unfurled its enchanting tapestry. The sun, a brilliant orb of molten gold, rose languidly above the horizon, its gentle warmth caressing the sleeping world.

The trees, having shed their summer finery, donned their autumn robes of crimson, auburn, and gold. Their branches, once adorned with lush foliage, now bore the weight of a thousand fiery leaves, each leaf a delicate, intricately woven masterpiece of nature's palette.

The air carried the sweet aroma of decay"
mistral,Fantasy,5,5,Write a literary description of an autumn morning using metaphors and sensory imagery.,"In the enchanted land of Aurelia, where the sun painted the sky with hues of burnished gold and crimson, an autumn morning broke. The forest awakened to the gentle caress of the morning breeze, the leaves quivering in a ballet of gold and scarlet, as if in a whispering symphony of the changing seasons. The trees were aflame with gold, their branches reaching out like the bony fingers of ancient sages, holding court to the splendor of the autumn sun.

The dew-kissed grass beneath the forest floor was a vibrant quilt of amber and ochre, each blade of grass a shimmering thread woven into the"
mistral,Science Fiction,1,1,Write a description of an autumn morning in a melancholic style.,"Title: Whispers of the Autumn Wind: An Elegy for the Changing Seasons

In the year 2154, on the outskirts of the cratered moon of Elysium, an autumn morning unfurled with a melancholic grace. The once vibrant and verdant landscapes of yore had given way to a muted palette, tinged with the hues of decay and loss. The air was crisp and heavy with the scent of impending winter, and the landscape lay bathed in the golden light of a waning crescent moon.

The trees, once proud and verdant, now stood as desolate, brittle skelet"
mistral,Science Fiction,1,2,Write a description of an autumn morning in a melancholic style.,"Title: The Last Autumn of Elysium
Text: In the waning days of the year 3578, the once vibrant and bustling planet of Elysium began to show its age. The Autumn leaves, once a fiery spectacle of reds, oranges, and yellows, now hung listlessly from the skeletal branches of the aging trees. The crisp morning air held a melancholic chill, a stark reminder of the impending winter and the passing of time.

As the sun rose, it bathed the planet in a soft glow, casting long shadows over the landscape. The once verdant fields were now a patchwork of browning grasses"
mistral,Science Fiction,1,3,Write a description of an autumn morning in a melancholic style.,"Title: Autumn's Last Embrace

In the year 3573, the season of Autumn still held the same enchanting allure it always had. However, the passage of time had added a melancholic hue to its once vibrant beauty. The sun was rising over a world where the old and the new coexisted, a world where the remnants of human civilization clung to the last vestiges of warmth and life.

An autumn morning unfurled before the inhabitants of Solaria, a lunar colony nestled among the craters of the Moon. The atmosphere was thick with the scent of wilting leaves, a reminder of the transience of life and the"
mistral,Science Fiction,1,4,Write a description of an autumn morning in a melancholic style.,"Title: The Whispers of Fall: A Melancholic Autumn Dawn

In the year 2587, on the outskirts of the crater city of New Elysium, an autumn morning unfurled itself with a subtle, yet profound melancholy. The once vibrant, verdant landscape of this post-apocalyptic world had succumbed to the inexorable march of time, leaving behind a delicate, bittersweet tableau.

As the sun began to rise, the sky painted hues of deep amber and subdued crimson, casting a soft, mournful glow over the desolate terrain. The air was charged with the crisp"
mistral,Science Fiction,1,5,Write a description of an autumn morning in a melancholic style.,"Title: The Autumn Twilight: A Mourning for the Passing Season

In the year 4512, the once vibrant hues of the cosmos had begun to dim as the seasons of the alien world of Xylox-5 shifted. Autumn had arrived, and its melancholic embrace had settled upon the lands like a shroud. The once lush, verdant forests of Xylox-5 had given way to a tapestry of brilliant orange and yellow hues, heralding the end of another cycle.

The cool autumn breeze carried with it the bittersweet aroma of decaying leaves, a scent that both invigorated and s"
mistral,Science Fiction,2,1,Create a short text portraying an autumn morning with a melancholic atmosphere.,"Title: Whispers of the Withering Cosmos: An Autumnal Reckoning

In the year 2587, amidst the twilight of mankind's interstellar age, the cosmos painted the Autumnal universe in vibrant hues. The once radiant stars that had sustained humanity's thirst for knowledge began to dim, painting the skies with hues of orange and gold. A melancholic atmosphere draped over the planet of Eldoria, heralding the passing of yet another cycle.

The crisp autumn air bit at the nostrils of the solitary wanderer, Orion, as he strolled through the forest of Eldoria"
mistral,Science Fiction,2,2,Create a short text portraying an autumn morning with a melancholic atmosphere.,"Title: The Whispers of the Dying Season: An Autumnal Twilight

In the year 2587, the once-bustling metropolis of New Aurora lay shrouded in an autumnal melancholy. Its vibrant hues had begun to fade, leaving the streets lined in orange and gold. The air was crisp with the scent of decaying foliage, a bittersweet reminder of the dying season.

The sun had barely risen, casting long, somber shadows across the cityscape. Pockets of mist clung to the streets, merging with the golden leaves that littered the pavement. The trees, once proud and res"
mistral,Science Fiction,2,3,Create a short text portraying an autumn morning with a melancholic atmosphere.,"Title: The Last Leaves of Eden

In the year 2154, on a crisp autumn morning, the once bustling metropolis of New Eden seemed to hold its breath in a melancholic silence. The vibrant hues of the season had descended upon the cityscape, transforming it into an ethereal tableau of reds, yellows, and oranges.

The sun had only just risen, casting long shadows against the towering structures, their once gleaming surfaces now marred by the passage of time. A gentle breeze carried the scent of decaying leaves, mingled with the tangible nostalgia of the passing season.

The"
mistral,Science Fiction,2,4,Create a short text portraying an autumn morning with a melancholic atmosphere.,"Title: The Autumn Awakening: A Symphony of Fading Colors

In the year 2587, on a crisp autumn morning, the first light of the sun peeked over the horizon. The once verdant landscape of New Eden had transformed into a canvas of brilliant oranges, reds, and yellows. The air carried the bittersweet aroma of decaying leaves and the faint buzz of distant, hovering harvest drones.

The tranquility of the moment was disrupted by the melancholic hum of a solitary spacecraft, the ""Melancholia's Lament."" Its silhouette loomed against the backdrop of the fier"
mistral,Science Fiction,2,5,Create a short text portraying an autumn morning with a melancholic atmosphere.,"Title: Whispers of the Withered Cosmos: An Autumnal Encounter

In the year 2587, as the last vestiges of summer gave way to the inexorable march of autumn, the once-vibrant hues of the cosmos began to wane. The once-fervent golden stars cooled into a melancholic, indigo twilight, as the scattered remnants of comets and asteroids assumed an ochre-tinged, hushed existence.

Amidst this waning splendor, the colonists of the interstellar metropolis of Elysium beheld the autumnal transformation within the confines of their dom"
mistral,Science Fiction,3,1,Describe an autumn morning using a sad nostalgic literary tone.,"In the year 2715, the autumnal equinox had come to pass, heralding the onset of a season that held a peculiar, wistful allure for the denizens of the Interstellar Collective. The once-verdant foliage of New Eden, a terraformed planet, now donned an amber hue, casting long, melancholic shadows that danced on the dew-kissed earth.

As the autumnal sun rose, its golden beams filtering through the tapestry of dying leaves, a mournful hush fell upon the cosmos. The crisp air, pregnant with the scent of decay and impending"
mistral,Science Fiction,3,2,Describe an autumn morning using a sad nostalgic literary tone.,"Title: The Last Autumn of Elysium

In the fading year 4550, on the once-verdant planet of Elysium, an autumnal twilight descended, heralding the end of an era. The red and gold leaves of the ancient Solari trees fluttered in the crisp morning breeze, a mournful dance of decay and rebirth.

The sun, a dying ember in the vast cosmos, dipped below the horizon, casting elongated shadows that stretched across the land like the memories of a distant past. The once bustling streets of Elysian cities lay silent, their walls and spires adorned with"
mistral,Science Fiction,3,3,Describe an autumn morning using a sad nostalgic literary tone.,"In the year 2712, on the autumnal morning of a once-verdant planet named Elysium, the sun rose wearily, its once golden rays now tinged with a melancholic hue. The leaves of the ancient trees, which had once stood proud and defiant against the passage of time, now lay sprawled on the forest floor in a vibrant tapestry of reds, yellows, and browns. Each leaf, an echo of the memories it had held, now surrendered to the relentless march of time.

The crisp breeze carried with it the faint scent of woodsmoke and damp earth, a memento of simpler"
mistral,Science Fiction,3,4,Describe an autumn morning using a sad nostalgic literary tone.,"In the year 2135, the spectacle of autumn had lost none of its charm, yet held a bittersweet sting in the heart of every sentient being who bore witness. The autumnal equinox had kissed the Earth good morning in a riot of colors, a last hurrah of warm hues before the onset of the frigid winter.

The morning sun peeked over the horizon like an amber-tinted god, illuminating the now crimson and gold leaves scattered across the once verdant forest floor. The trees, with their autumnal finery, wept a gentle rain of foliage at the gentle caress of the autumn breeze. The air carried"
mistral,Science Fiction,3,5,Describe an autumn morning using a sad nostalgic literary tone.,"In the waning days of the twenty-seventh century, the once vibrant tapestry of autumn colors now faded into a bittersweet symphony of memories long past. The crisp morning air carried the scent of decaying leaves, a subtle yet poignant reminder of the inexorable passage of time.

The sun, a lone celestial sentinel, rose slowly over the horizon, casting long, melancholic shadows upon the desolate landscape. The trees, once a riot of hues - reds, oranges, and yellows - now stood bereft of their majestic attire, their skeletal frames reaching for the heavens in vain.

A"
mistral,Science Fiction,4,1,Write a poetic paragraph about an autumn morning filled with melancholy.,"Amidst the twilight of the cosmos, an autumn morn begins anew,
In the crimson hue of distant suns, a world of amber-golden hue.
Beneath the weaving of the galaxies' tapestry,
Leaves in shades of rust and bronze herald the decree.

Crisp winds whisper tales of changing seasons,
A celestial ballet, an ageless rhythm, not fading, not seizing.
Through the ancient veins of time-worn trees,
A thousand hues of autumn's symphony resonates in these forested ees.

Yet beneath the splendor of this"
mistral,Science Fiction,4,2,Write a poetic paragraph about an autumn morning filled with melancholy.,"In the twilight of the cosmos, where the old world of Maris turns, A golden sun ascends with quiet apathy, Its amber rays ignite the autumn sky in urns. Red leaves, like shards of glass, flutter and swirl, In the gentle breeze that whispers tales untold, Of seasons' end and dreams that curl.

The trees, once proud sentinels standing tall, now bend with age, Their branches, adorned with crimson quills, drip with sorrow's page. The ponds, that mirror the heavens in tranquil repose, Reflect celestial bodies in their autumnal glow. The morning sun"
mistral,Science Fiction,4,3,Write a poetic paragraph about an autumn morning filled with melancholy.,"In the year 5075, beneath the amber skies of Mars, autumn's brush touched the landscape with a gentle, sorrowful hand. The red sands, once vibrant and alive, now lay dormant, whispering tales of summer's passing. Dusk's remnants danced on the horizon, as Venus, in her twilight splendor, bid adieu to the fading night.

Awakening to this melancholic scene, the Martian inhabitants, clad in silken robes, cradled their steaming terra-cups, inhaling the cool, crisp air. The desolate beauty of the red planet's"
mistral,Science Fiction,4,4,Write a poetic paragraph about an autumn morning filled with melancholy.,"In the waning days of season's grace,
Amber hues embrace the twilight's face,
As autumn weaves her tapestry of time,
Leaves in splendorous dance, a transient rhyme.

Upon a crisp and morn so bare,
The sun peeks through the gilded air,
A solitary whisper of a breeze,
Tells tales of summers that have ceased to be.

In the heart of woodland's gentle bowers,
Beneath the trees in shades of russet and bows,
The harvest moon in quiet repose,
Bears witness to the morning's melancholy"
mistral,Science Fiction,4,5,Write a poetic paragraph about an autumn morning filled with melancholy.,"Amidst the twilight of the season's wane,
An autumn morn, a canvas of sublime,
Nature's palette of amber and auburn hue,
Reflections of a world, as the sun awoke anew.

Golden leaves, in the gentle breeze do dance,
Falling softly, in a melancholic trance,
A bittersweet symphony of loss and gain,
As the last vestiges of summer fade in vain.

Yet, there is beauty in this harvest time,
A quiet pause, a respite from the climb,
The world around us, in its autumn splendor,
Em"
mistral,Science Fiction,5,1,Write a literary description of an autumn morning using metaphors and sensory imagery.,"In the year 3795, on the verdant and technologically advanced planet of Nova Aurora, autumn arrived with a spectacle of cosmic beauty. The once emerald leaves on the ancient Arboreal trees began their metamorphosis, transforming into cascading tapestries of amber, crimson, and gold. The air was thick with the scent of decay and rebirth, a heady perfume of moss, woodsmoke, and the crisp bite of impending frost.

As the cosmos began to awaken, the sun crept over the horizon, casting long, golden shadows upon the forest floor. Each leaf, now a brilliant, fiery beacon"
mistral,Science Fiction,5,2,Write a literary description of an autumn morning using metaphors and sensory imagery.,"In the year 3578, on the crystalline surface of New Eden, an autumn morning unfurled with a spectacle seldom seen by the evolved eyes of its inhabitants. The daybreak had not yet fully dawned, but the cosmos was already painting a masterpiece in hues of amber and ochre.

The vast canopy of stars, which once held dominion over the night sky, began to reluctantly cede their space to the encroaching glow of dawn. The celestial tapestry was threaded with tendrils of brilliant orange and red, as if the universe itself was ablaze with the dying embers of a cosmic bonfire."
mistral,Science Fiction,5,3,Write a literary description of an autumn morning using metaphors and sensory imagery.,"In the year 3578, on a crisp autumn morning on the terraformed planet of Aura-Nova, the red and gold leaves of the transgenic trees danced in the gentle breeze, their crinkling sounds echoing through the forest like the whispers of ancient secrets. The sun, a fiery orb of molten amber, rose slowly over the horizon, casting long, elongated shadows that stretched out like the tendrils of a colossal beast.

The dew-kissed grass beneath my feet felt like a velvety quilt, each blade a thread woven into the intricate tapestry of the season's rebirth. The air was"
mistral,Science Fiction,5,4,Write a literary description of an autumn morning using metaphors and sensory imagery.,"In the year 3573, the autumnal twilight of Mars beckoned, heralding the waning days before the harsh Martian winter set in. The scarlet orb of Sol hung low in the eastern sky, its rays painting the rust-red Martian landscape in hues of gold and vermilion. The winds, a mere whisper of their previous incarnation as the tempestuous Martian storms, whispered mournfully through the gnarled bones of ancient Tharsis forests, their leaves, a riot of crimson, gold, and amber, quivered in the mild morning breeze.

The autumnal air was heavy with the scent of decay, the"
mistral,Science Fiction,5,5,Write a literary description of an autumn morning using metaphors and sensory imagery.,"In the year 3571, the autumnal twilight of Osiris X, a celestial body orbiting the red giant star Zeta Reticuli, unfurled in a breathtaking canvas of cosmic splendor. The once vibrant hues of emerald and sapphire that dominated the planetary landscape had given way to the subdued tones of amber and crimson.

The sun, a molten orb of radiant gold, hung low in the cerulean sky, casting elongated shadows that danced on the craggy terrain. Autumn leaves, those vestiges of the verdant summer, drifted gracefully through the air like fiery"
mistral,Mystery,1,1,Write a description of an autumn morning in a melancholic style.,"Title: Whispers of the Crimson Leaves

In the desolate town of Hollow Creek, where the sun's rays dared not penetrate the dense fog that enshrouded the place, an autumn morning unfurled its melancholic beauty. The town, tucked away between the barren hills and the somber forest, had long been shrouded in an aura of wistful sadness. The once-buzzing inhabitants now wore expressions of quiet introspection, their souls mirroring the eerie stillness that pervaded the landscape.

The morning air was crisp and heavy with the scent of decaying leaves, their rich, rust-hued"
mistral,Mystery,1,2,Write a description of an autumn morning in a melancholic style.,"Title: Whispers of the Autumn Wind

Beneath the somber canopy of the forest, the autumnal dawn was breaking, casting a melancholic spell over the land. The woods, once a symphony of vibrant life, now resonated with the muted hues of the season's waning days.

As the first light of day breached the horizon, the trees, adorned in their finest autumnal attire, sighed in unison, as if aware of the bittersweet transition. A palpable stillness had settled over the forest, punctuated only by the hushed whispers of the wind, mourning the passing of the warm summer months.

The"
mistral,Mystery,1,3,Write a description of an autumn morning in a melancholic style.,"Title: Whispers of the Crimson Leaves

In the somber town of Willow's Edge, where the autumn winds weaved through the labyrinth of narrow streets, an enigmatic melancholy hung in the air. The season of change had descended upon the small community, painting the landscape with hues of crimson and gold.

As the first light of dawn peeked through the fog-kissed trees, the ghostly whispers of the town's past seemed to echo through the streets. Each step taken on the cobblestone alleys reverberated with the weight of secrets long forgotten. The sun, casting long shadows, seemed to struggle in its ascent,"
mistral,Mystery,1,4,Write a description of an autumn morning in a melancholic style.,"Title: Whispers of the Scarlet Autumn

As the clock struck the ungodly hour of four in the quiet town of Serenity, the sun began to rise, painting the sky in hues of crimson and gold. The autumn trees, once adorned in vibrant greens and bursts of color, now stood bare and skeletal, their branches reaching out to the heavens like bony fingers.

The once lively chirping of birds echoed only in whispers, their melancholic songs carried by the chill in the autumn air. The dew on the leaves glistened like diamonds, catching the light and casting prismatic reflections onto the pave"
mistral,Mystery,1,5,Write a description of an autumn morning in a melancholic style.,"Title: Whispers of the Crimson Leaves

Autumn had descended upon the quaint town of Thistledown, casting a melancholic spell over its sleepy streets. The early morning sun peeked over the mist-shrouded hills, painting the world in hues of crimson and gold. The air was crisp and biting, carrying the faint scent of woodsmoke and decaying leaves.

The narrow lanes of Thistledown were lined with ancient oaks whose leaves had begun to turn a fiery red. Their branches, heavy with the weight of their crimson burdens, whispered secrets in the stillness of the morning. It was as if the trees"
mistral,Mystery,2,1,Create a short text portraying an autumn morning with a melancholic atmosphere.,"Title: Whispers of the Amber Afternoon

Beneath the canopy of crimson and gold, the autumn sun began to rise, casting long shadows across the tranquil village of Willow's End. The crisp morning air held the scent of dampened leaves and freshly brewed coffee. The birds, now silent in the early hours, began to stir, their sweet melodies melancholily heralding the arrival of a new day.

The village, nestled within the undulating hills of the countryside, had long been known for its picturesque autumnal beauty. The trees, once a brilliant tapestry of green, had shed their leaves, leaving the streets adorned with"
mistral,Mystery,2,2,Create a short text portraying an autumn morning with a melancholic atmosphere.,"Title: Whispers of the Wilted Leaves

Amidst the crisp autumn air of the sleepy hamlet of Willow Creek, the sun slowly rose, casting long, ethereal shadows upon the dying foliage. The mellow orange and red hues painted the landscape, a stark contrast to the bitter chill in the morning breeze. The scent of woodsmoke and damp earth wafted through the air, a pungent reminder of the encroaching winter.

The town, once bathed in the vibrant colors of spring and summer, now seemed desolate and forlorn. The once-lush gardens now lay barren, their skeletal frames stark against the"
mistral,Mystery,2,3,Create a short text portraying an autumn morning with a melancholic atmosphere.,"Title: The Melancholy of Amber Autumn

As the first light of autumn dawned over the sleepy village of Willow's End, a gentle melancholy settled upon the land. The trees, once full of life with their vibrant greens, now bore the weight of amber and gold leaves that danced in the crisp morning breeze. The once vibrant, bustling village was now hushed, as if holding its breath in the still, cool air.

In the heart of the village, the ancient St. Agnes' Church stood tall and proud, its stained-glass windows casting a warm, golden glow over the quiet streets. The villagers, wrapped in their woolen"
mistral,Mystery,2,4,Create a short text portraying an autumn morning with a melancholic atmosphere.,"Title: The Melancholy Autumn Dawn

In the quiet, sleepy town of Willowbee, nestled between the vibrant hues of autumn, a sense of melancholy hung in the air. The crisp morning breeze carried with it the scent of decaying leaves and the faint sound of crunching acorns.

The sun peeked over the horizon, casting long shadows across the empty streets. The once lush, green trees now stood bare, their branches reaching out like skeletal fingers, trembling in the early morning chill.

A soft drizzle began to fall, painting the streets with a sheen of rain. The town, known for its vibrant energy"
mistral,Mystery,2,5,Create a short text portraying an autumn morning with a melancholic atmosphere.,"Title: Whispers of the Scarlet Leaves

Autumn mornings in the quaint village of Willowbrook carried an air of melancholy. The leaves, once vibrant and full of life, now donned a scarlet hue, whispering the approach of winter. The crisp smell of burnt firewood mingled with the damp earth and the sweet scent of pumpkin spice.

The sun rose slowly, casting long, golden shadows on the empty cobblestone streets. The empty houses, standing tall and proud, seemed to hold their breath, waiting for the village to come alive once more. The silence was broken only by the distant sound of a rooster crowing and"
mistral,Mystery,3,1,Describe an autumn morning using a sad nostalgic literary tone.,"Title: Whispers of Autumn's Farewell

As the first light of dawn crept through the curtains of an old, weathered cottage, a bittersweet symphony of sounds filled the air. The once vibrant town of Willow's Edge, now gently slipping into the clutches of autumn, stirred from its slumber. The chilling breeze that ushered in the new day carried the faintest hint of the impending winter's touch, a chill that was as much a part of the town as its people.

A solitary figure, clad in a worn, woolen shawl, made her way through the dew-kissed"
mistral,Mystery,3,2,Describe an autumn morning using a sad nostalgic literary tone.,"Title: Whispers of the Crimson Leaves

As the first light of dawn crept over the horizon, the quaint village of Willow's End began to awaken from its slumber, nestled within the embrace of the rolling hills that cradled it like a protective mother. The crisp autumn air carried the unmistakable scent of woodsmoke and damp earth, mingled with the melancholic whispers of the crimson leaves as they danced gracefully towards their inevitable demise.

The once vibrant, verdant landscape of the village had transformed into a tableau of sorrow and introspection. The trees, now clad in fiery hues of red"
mistral,Mystery,3,3,Describe an autumn morning using a sad nostalgic literary tone.,"Title: The Melancholy Autumn Dawn

In the sleepy hamlet of Silverwood, where the leaves danced in the gentle wind of an autumn morning, a bittersweet melody of memories unfurled. The town, nestled between the rust-hued hills and the golden quilt of trees, had always been a canvas of tranquility and introspection. The once vibrant hues of spring and summer had given way to the somber tones of the season's twilight.

The air was crisp and carried the faint, fleeting scent of woodsmoke and damp earth. Every breath drawn in the cool, brisk morning brought with it a wistful"
mistral,Mystery,3,4,Describe an autumn morning using a sad nostalgic literary tone.,"Title: Whispers of the Crimson Leaves

In the sleepy village of Willow's Edge, where the sun was still a stranger to the horizon, an autumn morning unfurled. The village, bathed in the soft glow of the harvest moon, was a tapestry of melancholy, as the crimson and gold leaves danced in the gentle autumn breeze.

The village, once a bustling community of laughter and merriment, was now a hushed whisper of memories and longing. The village green, which had once vibrantly hosted the fairs and festivals of yesteryears, now stood empty and still, as the remnants of laughter echoed through the"
mistral,Mystery,3,5,Describe an autumn morning using a sad nostalgic literary tone.,"Title: Whispers of Autumn's End

In the quaint, sleepy town of Maplewood, nestled between the golden hues of the changing trees, an autumn morning unfolded. The town, long known for its vibrant colors and welcoming community, had grown older with the passing years. The once bright and cheerful houses now bore the weary marks of time.

The crisp air carried the scent of damp leaves and the distant call of birds, yet the usual hustle and bustle of the town was absent. The normally bustling streets were now eerily silent, with only the gentle crunching of leaves beneath the feet of the few early risers."
mistral,Mystery,4,1,Write a poetic paragraph about an autumn morning filled with melancholy.,"Amidst the slumbering town of maple hues,
Where autumn's breath upon the horizon blew,
A symphony of crimson and gold unfurled,
In quiet whispers, the morning world.

Upon the canvas of an autumn sky,
The sun arose with painted, fiery eye,
Its warm embrace a fleeting, wistful grace,
A melancholic dance to mark the day's embrace.

Beneath the trees, leaves in tender hues,
Swirled in the wind as if to bid adieu,
A somber serenade to the crisp air's sighs,
An autumn morning bathed in"
mistral,Mystery,4,2,Write a poetic paragraph about an autumn morning filled with melancholy.,"Title: Whispers of the Wilted Leaves

Beneath the velvet canopy of twilight's embrace,
An autumn slumber wraps the world in hushed grace.
In the quietude of morning, where shadows dance,
I wander through the woods, where autumn's breath enchants.

A tapestry of crimson, amber, and gold unfurls,
Amidst the wilted leaves, sad tales in whispers twirl.
The boughs of ancient trees, their limbs entwined in grace,
Embrace the tender sunlight with a weary, knowing face.

The air, a symphony of cris"
mistral,Mystery,4,3,Write a poetic paragraph about an autumn morning filled with melancholy.,"Amidst the fading hues of twilight's reign,
Awakens an autumn morn so tame.
Golden leaves in whispers fall,
In a ballet of grace, they call.

Crisp air bites with a gentle nip,
As daylight peeks from slumber's dip.
Melancholy whispers through the trees,
A hue of sadness clinging to the bees.

Sunlight dances upon the dew,
A fleeting beauty, a transient hue.
Autumn's arms enshroud the land,
As daylight's touch begins to wane, once more"
mistral,Mystery,4,4,Write a poetic paragraph about an autumn morning filled with melancholy.,"Amidst the quiet hush of autumn, as the first light of dawn breaks,
The trees, in subtle splendor, don their robes of gold and crimson hues,
A bittersweet symphony of rustling leaves, in gentle whispers speaks,
Of the waning days of summer's reign, and the winter's impending vows.

The sun, a sliver of molten gold, peeks through the veil of morning mist,
Caressing the earth with tender warmth, a fleeting respite before the frost,
An autumn morning's melancholy, in its somber beauty vastly mist,
A transient moment of serene"
mistral,Mystery,4,5,Write a poetic paragraph about an autumn morning filled with melancholy.,"Amidst the quilted landscape of gold and crimson,
Where autumn's brush strokes paint a scene of sorrow,
A gentle breeze whispers lullabies to slumbering trees,
As the sun's first light refracts through the misty morn.

In this tranquil tableau of hushed enchantment,
Where memories coalesce like the morning dew,
The crimson leaves, like a lover's fleeting touch,
Brush against my heart, tenderly awoke.

Each inhalation echoes the sighs of a thousand trees,
A symphony of the transient world around,
As the sun"
mistral,Mystery,5,1,Write a literary description of an autumn morning using metaphors and sensory imagery.,"Title: The Autumn Alchemy

Beneath the celestial blanket of the early autumn sky, the quaint hamlet of Willowbrook unveiled its rustic charm. Nestled between the verdant slopes of the ancestral hills, the town had long been celebrated for its allure, a secretive and enigmatic beauty that enchanted both locals and visitors alike.

As the sun inched its way above the horizon, a symphony of colors illuminated the tranquil landscape. Hues of red, gold, and orange mingled in an intricate dance against the cerulean backdrop, as if nature itself had blended the palette of an un"
mistral,Mystery,5,2,Write a literary description of an autumn morning using metaphors and sensory imagery.,"Title: Whispers of the Crimson Harvest

I. The Dawn's Awakening

As the inky tendrils of night began to succumb to the invading gold and crimson hues, the slumbering world stirred to life. The sun, a fiery orb cloaked in the veil of dawn, peeked over the jagged peaks of the Autumn Woods, heralding the arrival of a new day.

II. Sensory Symphony

The crispness of the autumn air pierced the senses, carrying with it the unmistakable scents of decaying foliage and the sweet aroma of ripening fruits."
mistral,Mystery,5,3,Write a literary description of an autumn morning using metaphors and sensory imagery.,"Title: Whispers of the Crimson Leaves

A veil of mist hovered over the slumbering town of Willowdale as dawn crept in, painting the sky in hues of gold and crimson. The autumn morning was a symphony of colors, as if Mother Nature herself had taken a fiery brush to the canvas of the world. The trees stood tall and proud, their branches heavy with the rich tapestry of crimson, amber, and gold leaves.

The crisp, cool air carried with it the scent of woodsmoke and the faint hint of apple cider, as if beckoning the townsfolk to gather around the hearth and bask in the warmth"
mistral,Mystery,5,4,Write a literary description of an autumn morning using metaphors and sensory imagery.,"Title: The Whispering Leaves of Autumn

The sun had barely risen over the slumbering hills, casting long, golden fingers across the landscape. The autumn morning was a symphony of hues, a vibrant canvas of reds, yellows, and oranges that painted the world anew.

The crisp air held the scent of woodsmoke and damp earth, a comforting embrace that spoke of the waning days and the promise of winter. Each breath was a draught of life, filling the lungs with the sweet, tangy aroma of decay and rebirth.

The trees beamed with the resplendent splendor of their autumn finery."
mistral,Mystery,5,5,Write a literary description of an autumn morning using metaphors and sensory imagery.,"Title: Whispers of Autumn's Embrace

As the sun crept over the horizon, the sleepy town of Willow's End awakened to an autumnal symphony. The morning was a masterpiece of nature's quiet brilliance, as the earth donned its golden and crimson cloak.

The trees stood proud, their branches adorned with leaves that danced in the gentle breeze, whispers of gold, red, and orange. The leaves, like ancient parchment, rustled with the faintest of breaths, sharing their secrets to the passing winds.

The morning fog clung to the earth like a soft, misty blanket, weaving"
mistral,Thriller,1,1,Write a description of an autumn morning in a melancholic style.,"Title: The Crimson Autumn

Text: Chapter 1: The Bitter Harvest

The sun had barely risen over the horizon, casting long, elongated shadows across the landscape. A chill wind whispered through the trees, rustling the leaves into a symphony of whispers and sighs. The forest, once vibrant and alive with the colors of spring and summer, now wore the melancholic hues of autumn.

A few steps away, the old farmhouse stood, its red paint peeling and worn, a testament to the passage of time. Inside, the clocks ticked away the hours, the hands moving relentlessly forward. The farmer, a man weary with"
mistral,Thriller,1,2,Write a description of an autumn morning in a melancholic style.,"Title: Whispers of the Fallen Leaves

The autumn mornings in the quaint village of Wisteria Hollow were a somber symphony of desolation and beauty. The sun rose slowly, painting the sky with hues of orange and pink, while the trees wept golden tears in the form of fallen leaves. The crisp air carried the faint scent of woodsmoke and decay, a cruel reminder of the inevitable passage of time.

In the heart of the village stood the old mansion of the Harringtons, its once grand façade now cloaked in a melancholic shroud. The grandeur of its past echoed through the hollow halls, a testament to the"
mistral,Thriller,1,3,Write a description of an autumn morning in a melancholic style.,"Title: Whispers of the Crimson Leaves

Chapter 1: The Bitter Dawn of Autumn

The sun hadn't yet risen, but the world was already bathed in an eerie, melancholic light. The autumn sky was a canvas of dark hues, painted with the last remnants of night. A chill wind whispered through the desolate trees, and the brittle leaves danced in their final waltz before surrendering to the earth.

In the heart of the dense forest, there stood an old, solitary house. It was known as Ravenwood Manor, a relic from a bygone era. Its once grand facade"
mistral,Thriller,1,4,Write a description of an autumn morning in a melancholic style.,"Title: Shadows of the Falling Leaves

Chapter 1: The Bitter Harvest of Time

The sun slowly emerged from the horizon, casting long shadows over the sleepy town of Windermere. Autumn had arrived, painting the world in hues of gold, red, and orange. The crisp air carried the scent of woodsmoke and damp earth, a potent perfume that spoke of the impending winter.

The trees, once a vibrant canopy of green, now stood bear, their leaves aflame in a fiery display of defiance. Each gust of wind sent a cascade of leaves twirling to the ground, a steady drumbeat against the"
mistral,Thriller,1,5,Write a description of an autumn morning in a melancholic style.,"Title: Whispers of the Amber Autumn

Chapter 1: The Crimson Dawn

In the quaint town of Hollow Creek, nestled amidst the rolling hills and painted with the hues of autumn, a melancholic silence enveloped the waking world. The sun, a timid, crimson orb, peeked over the horizon, casting long, mournful shadows that stretched out like the arms of a forgotten lover. The trees, once resplendent in the vibrant colors of life, now stood bereft, their leaves a brilliant, dying tapestry of orange, red, and gold.

Amidst this somber scene, there walked a"
mistral,Thriller,2,1,Create a short text portraying an autumn morning with a melancholic atmosphere.,"Title: Whispers of the Wilted Leaves

Chapter 1: The Melancholic Dawn

The first rays of autumn sun peeked over the horizon, casting long, ethereal shadows on the deserted streets of the once-vibrant hamlet of Willowbrook. The trees, now adorned with gold, red, and orange leaves that danced in the gentle breeze, whispered tales of the season's passage. The air carried an unmistakable chill, a memento of the changing seasons.

Amidst this picturesque scene, a solitary figure stood on the porch of Mansion Grove, wrapped in a worn, threadb"
mistral,Thriller,2,2,Create a short text portraying an autumn morning with a melancholic atmosphere.,"Title: Whispers of the Falling Leaves

Chapter 1: The Melancholic Dawn

Beneath the quilted tapestry of Autumn's first light, the village of Willow's Edge nestled in the valley, its streets lined with the ochre, scarlet, and gold foliage of the season. Amidst this tableau, in the heart of the village, stood the old, gnarled oak tree, its branches aflame against the crisp October sky.

As the sun began to rise, its warm, yellow rays slithered through the leaves, igniting the trees' vibrant colors and bathing the world in a"
mistral,Thriller,2,3,Create a short text portraying an autumn morning with a melancholic atmosphere.,"Title: Whispers of the Crimson Leaves

Chapter 1: Autumn's Lament

As the first light of dawn crept over the picturesque town of Ravenswood, the cool autumn air carried with it a melancholic symphony. Red and gold leaves danced in the gentle breeze, weaving a tapestry of sorrow and longing across the landscape. Each crisp crunch of footsteps on the pavement seemed to echo the bittersweet lament of the season.

In the heart of this quaint village, there stood the ancient manor of Blackthorn Estates. Its tall, weathered towers reached out towards the heavens, sil"
mistral,Thriller,2,4,Create a short text portraying an autumn morning with a melancholic atmosphere.,"Title: Whispers of the Wilted Leaves

Chapter 1: The Bitter Harvest of Autumn

As the first blush of sunrise painted the autumnal landscape in hues of orange and crimson, the small village of Elmsbrook stirred from its slumber. The crisp morning air carried a melancholic symphony, as the last remnants of summer succumbed to the encroaching frost.

In the heart of the village, there lived a man named Ethan. His house, an old, weathered cottage, stood proudly atop a hill, embraced by the golden glow of the harvest sun. The wind, mournful"
mistral,Thriller,2,5,Create a short text portraying an autumn morning with a melancholic atmosphere.,"Title: Whispers of the Wilted Leaves

Chapter 1: The Chilled Autumn Breeze

The sun crept above the horizon, casting long, elongated shadows over the once vibrant town of Millfield. Autumn had arrived, and the trees wore their fiery coats of gold, orange, and red, as if in a desperate attempt to outshine the encroaching winter. The crisp air bit at the cheeks of anyone foolish enough to venture outside without a scarf.

Amidst the rustling leaves and chilled wind, there stood an old, weathered house known as Ravenswood Manor. Its owner, Victor Blackwood, gazed"
mistral,Thriller,3,1,Describe an autumn morning using a sad nostalgic literary tone.,"Title: Whispers of the Crimson Leaves

Autumn mornings have always held a bitter-sweet melancholy within their crisp air. Such a morning unfurled before the eyes of an old man named Edward, as he stood on the porch of his secluded estate, the autumnal breeze weaving through the waning trees with a gentle, mournful symphony. The sun, a dulled, honeyed orb, peered over the horizon, casting long, sorrowful shadows upon the land.

The leaves; once vibrant and full of life, now lay crumpled and desolate at Edward's feet. They whispered tales of a time long past, their crim"
mistral,Thriller,3,2,Describe an autumn morning using a sad nostalgic literary tone.,"Title: Whispers of the Crimson Leaves

Chapter 1: The Amber Dawn

In the quaint, sleepy town of Ravenswood, nestled amidst the undulating hills of autumn, the sun rose over the horizon with the tender touch of an aging artist brushing crimson and gold hues upon the world. The morning was crisp and cool, a gentle reminder of the fleeting moments of beauty that accompany the passage of time. The air held the distinct aroma of woodsmoke and decaying leaves, an olfactory symphony that spoke of the end of another season.

Beneath the skeletal branches of ancient oaks and the amber foliage"
mistral,Thriller,3,3,Describe an autumn morning using a sad nostalgic literary tone.,"Title: Whispers of Autumn's End

The sun was rising over the sleepy town of Willowbrook, painting the sky in hues of orange and gold. The crisp autumn air nipped at my cheeks, a gentle reminder of the fleeting warmth of the season. I, George, an old man with silver hair and weary eyes, gazed out at the landscape that lay before me. The trees that once stood tall and proud, their leaves a vibrant display of red, orange, and yellow now lay bare, their skeletal frames etched against the backdrop of the October sky.

The wind rustled through the barren branches, whispering a symphony of sadness"
mistral,Thriller,3,4,Describe an autumn morning using a sad nostalgic literary tone.,"Title: Whispers of the Wilted Leaves

Chapter 1: The Melancholic Dawn

The autumn mornings in the quaint town of Elmsworth held a peculiar allure - one tinged with a sense of wistfulness and longing. As the sun began to rise, the sky painted the horizon with hues of orange and gold, yet the air held a chill that whispered of the impending winter.

I, Nathaniel, an aging man with silvering hair, stood at the window of my solitary abode, the once-majestic Wilted Oaks Manor. The manor was a relic of my past, a grandi"
mistral,Thriller,3,5,Describe an autumn morning using a sad nostalgic literary tone.,"Title: The Melancholic Autumn Dawn

Once upon a time in the quaint town of Wisteria, there lived an old woman named Agnes. The autumn mornings in Wisteria were a spectacle of dying embers, as the trees donned their radiant cloaks of red, gold, and orange. But for Agnes, these mornings were no longer a time of joy and wonder, but a bittersweet reminder of times long past.

Agnes resided in an old, weathered cottage nestled at the edge of the forest. The cottage, much like the woman herself, bore the marks of time – creaky floorboards, peeling wallpaper,"
mistral,Thriller,4,1,Write a poetic paragraph about an autumn morning filled with melancholy.,"Title: Whispers of the Wilted Leaves

Upon the crisp embrace of autumn's morn,
A symphony of silence, where death and life are born.
Cloaked in melancholy, wilted leaves descended,
Dancing in the wind, their vibrant hues transcended.

The sun peeked through the canopy, cast in amber light,
Bathed in its warmth, the world was hushed, a soft respite.
Autumn's whispers echoed through the forest still,
An ode to the passing days, an epilogue to the hills.

Each leaf a ghost, memories of summer"
mistral,Thriller,4,2,Write a poetic paragraph about an autumn morning filled with melancholy.,"Amidst the russet hues of autumn's twilight,
Where leaves in whispers dance upon the breeze,
A solitary figure roams the quiescent light,
His heart entwined with memories, a bitter feast.

Upon the brittle path of time's relentless march,
Where ancient trees now paint the sky in hues,
Once resounded laughter, love, and merriment's larch,
Now shrouded in the gloom of fleeting autumn blues.

The sun, a crimson orb, descends with mournful grace,
As golden leaves take flight in a graceful pirouette,
In"
mistral,Thriller,4,3,Write a poetic paragraph about an autumn morning filled with melancholy.,"Title: Whispers of the Wilted Leaves

On the crisp autumn morn, as sun's first light is born,
A melancholic dance unfurls.
The crimson, gold, and amber leaves,
Twirl in the gentle autumn breeze,

In whispered symphony, they fall,
Lamenting summer's passing call.
Upon the canvas of the day,
Paints a scene of wistful dismay.

The air, a chilly, solemn brew,
Awakens the soul, both raw and true.
And in the silence deep, profound,
Resounds the solitary, mournful sound."
mistral,Thriller,4,4,Write a poetic paragraph about an autumn morning filled with melancholy.,"Amidst the quilted lands of autumn's embrace,
Where once-verdant hues now give way to grace,
The sun begins its ascent, a timid light,
A golden thread that weaves through the pale daylight.

Crimson and gold leaves pirouette in air,
Dancing a reluctant ballet of despair,
Beneath the barren trees, as if to say:
Farewell to summer's warm, enchanting play.

The winds of change, whispering their mournful song,
Bringing with them the taste of winter's icy throng,
A chill that creeps and steals through"
mistral,Thriller,4,5,Write a poetic paragraph about an autumn morning filled with melancholy.,"Amidst the rustic canvas of autumn's grace, The sun peeks through the curtain of crimson leaves, In quiet despair, the world awakes. Sapphire skies weep their mournful tears of gold, Whispering winds weave an intricate dance, A ballet of despair, a symphony of loss.

Crisp underfoot, the earth breathes its last breath, Of summer's fleeting touch, the air chills with a sigh, Each oak and elm, adorned in shades of fire, Embrace the inevitable winter's call.

Yet in the heart of the forest, where shadows linger, The sun'"
mistral,Thriller,5,1,Write a literary description of an autumn morning using metaphors and sensory imagery.,"Title: Whispers of the Crimson Leaves

Chapter 1: The Autumn Awakening

The sun had barely risen, casting a golden hue over the slumbering world, as the first tendrils of smoke escaped the chimneys of the quaint village nestled within the heart of the forest. The trees stood tall and proud, their crimson-hued leaves forming a vibrant quilt against the cerulean sky, shimmering in the early morning light like a thousand fiery embers.

A gentle, crisp breeze whispered through the village, sending the leaves pirouetting in the air before settling back to the ground in a symphony of cr"
mistral,Thriller,5,2,Write a literary description of an autumn morning using metaphors and sensory imagery.,"Title: Whispers of the Crimson Leaves

Chapter 1: The Autumn Awakening

As the first rays of sunlight began to pierce the early morning mist, the forest came alive. The slumbering trees woke up to the symphony of rustling leaves and the whispered secrets of the wind. The forest floor was a canvas painted in hues of orange, yellow, and red, as the autumn leaves danced to the rhythm of the crisp autumn breeze. The sun cast long, golden shadows that stretched out like the fingers of a giant hand, reaching out to touch the cool forest floor.

The air was filled with the sweet, earthy scent of decaying leaves, m"
mistral,Thriller,5,3,Write a literary description of an autumn morning using metaphors and sensory imagery.,"Title: The Crimson Harvest of Autumn's Embrace

Amid the twilight hush of slumbering woods, the autumn dawn arose, donning its robe of radiant splendor. With the tender touch of crisp fingers, it brushed away the last vestiges of night's velvet veil, revealing a tableau of crimson and gold.

The sun, a fiery orb of molten metal, bled through the scarlet leaves of the trees, casting long, languid shadows upon the forest floor. Their vibrant hues, once a cacophony of life, now harmonized with the earthy tones of decay, as if in a"
mistral,Thriller,5,4,Write a literary description of an autumn morning using metaphors and sensory imagery.,"Title: Whispers of Autumn's Farewell

Chapter 1: The Crimson Dawn

The autumn morning unrolled like a tapestry of gold and crimson, brushed lightly by the gentle breath of a sympathetic wind. Each tree stood proud and regal, their leaves an intricate mosaic of fiery hues; auburn, burnt sienna, and golden amber, all dancing in the waning sunlight. The crisp air bore the scent of wet earth and the lingering aroma of wood smoke, a comforting reminder of the hearthside hues that awaited within.

The sun had not yet risen fully, clinging shy"
mistral,Thriller,5,5,Write a literary description of an autumn morning using metaphors and sensory imagery.,"Title: Crimson Dawn of Hallowed Hollows

Autumn mornings at Wraithwood Hill were a symphony of color and chill, a tender balance between the lingering remnants of summer and the impending embrace of winter. The sun, a fierce and furious orb of crimson and gold, rose over the hilltop, igniting the trees in shades of scarlet and amber. The air bore the crisp tang of damp leaves and woodsmoke, a heady blend of decay and life that sharpened the senses, as if to awaken the spirit from its slumber.

As the first light of day crept across the hollows, the trees seemed to whisper"
mistral,Historical Fiction,1,1,Write a description of an autumn morning in a melancholic style.,"Title: Whispers of the Waning Year

In the quietude of an autumn morn, as the sun began to rise, a melancholic hue cloaked the world in its gentle embrace. The once vibrant hues of spring and summer, now faded to a palette of somber tones. The golden leaves of the mighty oaks and the vibrant reds of the maples, lay sprawled on the forest floor, forming a quilt of desolation.

The crisp autumn air carried the scent of decay, as nature shed its old clothes, preparing for the slumber of winter. The dew-kissed grass crunched beneath my feet, a sound that echoed"
mistral,Historical Fiction,1,2,Write a description of an autumn morning in a melancholic style.,"In the quiet hues of an autumn morning, the last vestiges of summer succumbed to the encroaching chill of the approaching winter. The once-verdant forests donned rich shades of gold and crimson, as if in mourning for the passing season. The sun rose slowly over the horizon, casting long shadows across the tranquil landscape.

The air was heavy with the scent of decay, a bittersweet reminder of the fleeting beauty of life. The leaves, once vibrant and full of life, now lay scattered on the ground, a testament to the inexorable march of time. The birds, once abundant and melodic, were now few and far between, their sil"
mistral,Historical Fiction,1,3,Write a description of an autumn morning in a melancholic style.,"Title: Whispers of the Waning Year

Beneath the canopy of somber trees, the sun crept hesitantly over the horizon, casting elongated shadows that danced mournfully upon the forest floor. Autumn's gentle touch had blanketed the land in a tapestry of gold, crimson, and amber hues, a beautiful yet melancholic symphony to mark the fading year.

The crisp air weaved its way through the lattice of branches, stirring the last vestiges of autumn leaves that clung desperately to their arboreal kingdom. The leaves, once vibrant with the vitality of life, now trembled in the chill wind,"
mistral,Historical Fiction,1,4,Write a description of an autumn morning in a melancholic style.,"Title: Whispers of Autumn's Farewell

In the quietude of an autumn morning, the world seemed to hold its breath, clad in a melancholic tapestry of waning colors. The sky painted itself in hues of amber, sienna, and gold, the sun a solitary warrior rising against the backdrop of a slumbering land. A gentle breeze meandered through the trees, its caress a mere whisper against the ears of the slumbering world.

The leaves of the ancient oaks danced in a final, languid waltz, their vibrant reds, yellows, and oranges clinging onto the last rem"
mistral,Historical Fiction,1,5,Write a description of an autumn morning in a melancholic style.,"Title: Whispers of the Withered: An Autumn Morn

In the quietude of an autumn morn, the sun rose sluggishly over the vine-draped hills, casting long, melancholic shadows that stretched across the withered landscape. The trees, once resplendent in their verdant finery, now stood bare and desolate, their skeletal limbs reaching for the heavens as if in prayer for the return of warmer days.

A gentle, mournful breeze whispered through the desolate branches, carrying with it the distinct scent of decay and the faintest hint of woodsmoke from the nearby hearths. The once-vibrant"
mistral,Historical Fiction,2,1,Create a short text portraying an autumn morning with a melancholic atmosphere.,"Title: Whispers of the Falling leaves: An Autumn Morn in Olde England

Text: In the quaint corner of Olde England, where the sun slowly begins to rise, the crisp autumn air whispers tales of yesteryears. The morning sky paints a canvas of orange and gold, as leaves rustle in the gentle breeze, their colors fading, marking the march of time. The trees stand tall, their branches reaching out as if in despair, weighed down by their own history. The cobblestone streets echo with the distant sound of horse hooves and the melancholic chime of distant bells. The mist lifts from the river, revealing its mirror-like"
mistral,Historical Fiction,2,2,Create a short text portraying an autumn morning with a melancholic atmosphere.,"Title: Whispers of the Waning Year

In the crisp autumn mornings of old France, as the last vestiges of summer slowly surrendered to the encroaching chill, the sun would rise, casting long shadows over the quaint, cobblestone streets. The air was filled with a melancholic symphony of crunching leaves and the distant chimney sweep's call, signaling the end of another harvest.

The vineyards, once bursting with life and verdant hues, now bore the weight of ripe grapes, heavy with the knowledge of the impending frost. Harvesters, now scarce, worked diligently, their eyes fixed on"
mistral,Historical Fiction,2,3,Create a short text portraying an autumn morning with a melancholic atmosphere.,"Title: Whispers of the Waning Year

In the quietude of an autumn morning, the world awakened to a symphony of color and decay. The once-verdant foliage now donned a fiery mantle of gold and crimson, an ephemeral testament to the passage of time. The crisp air held a melancholic tang, a mellowed bittersweetness that spoke of distant memories and forgotten dreams.

The sun rose languidly, casting elongated shadows on the ground as the leaves beneath the trees danced in the gentle breeze. The world seemed to hush in reverence, the quietude only disturbed by the distant sound"
mistral,Historical Fiction,2,4,Create a short text portraying an autumn morning with a melancholic atmosphere.,"Title: Whispers of Autumn: An Elegy for the Fading Year

In the quietude of a golden autumn morning, the sun rose languidly over the slumbering countryside. The trees, once a vibrant tapestry of green, now donned robes of fire and gold. Their leaves danced in the gentle breeze, a final waltz before letting go of the limbs that bore them for so long.

Beneath the arches of the ancient oaks, the dew clung to the earth, shimmering like precious gems in the first light of day. The air was crisp and carried the scent of woodsmoke and damp earth, a melanch"
mistral,Historical Fiction,2,5,Create a short text portraying an autumn morning with a melancholic atmosphere.,"Title: Whispers of the Scarlet Autumn

Text: In the quietude of an October morn, the world donned a cloak of melancholy. The sun, a timid orb of scarlet, peeked over the crest of the hills, casting long, golden shadows that stretched like mournful fingers across the wilting landscape. The trees, once a vibrant tapestry of verdant hues, now wept shades of crimson and gold, their leaves dancing in the gentle breeze to an elegiac rhythm.

The winds whispered sorrowful serenades, bereft of their summertime merriment, as they skated playfully through the air,"
mistral,Historical Fiction,3,1,Describe an autumn morning using a sad nostalgic literary tone.,"Title: Whispers of the Autumn Wind: A Melancholic Ode to Yesteryears

In the twilight of the year, as the sun's golden rays begin to wane, a hush descends upon the sleepy hamlet of Elmswood. The once vibrant hues of the summer have given way to a somber symphony of russet and gold. An autumn morning, bathed in the effulgent glow of a melancholic sun, evokes a wistful longing in the heart of the beholder.

A gentle breeze, born of the slumbering autumn wind, weaves its way through the cobblestone streets, carrying with it"
mistral,Historical Fiction,3,2,Describe an autumn morning using a sad nostalgic literary tone.,"Amidst the waning days of the harvest season, the sun rose over a quaint, sleepy village. The golden orb of light pierced through the crisp autumn air, its rays dancing upon the vibrant foliage that adorned the once-bountiful landscape. The trees, now in their twilight, donned a melancholic palette of red, gold, and orange leaves that fluttered in the gentle breeze, creating a symphony of colors that whispered stories of the past.

The village, now hushed in silence, seemed to carry the weight of the passing years. The cobblestone streets, once brimming with laughter and cheer, now stood vacant and"
mistral,Historical Fiction,3,3,Describe an autumn morning using a sad nostalgic literary tone.,"In the waning days of the harvest season, the earth yields to the inexorable march of time. The sun, once a golden orb of warmth and light, now rises with a languid grace, its fiery hues tempered by the cool breath of autumn. Upon the quilted canvas of the landscape, the crimson and gold leaves drift lazily, whispering the sad lullaby of passing days.

In the hushed, melancholic stillness of an autumn morning, the trees weep their last tears, as the remnants of summer's vibrancy wither and fall beneath the gentle touch of the wind. The aroma of decaying foliage mingles"
mistral,Historical Fiction,3,4,Describe an autumn morning using a sad nostalgic literary tone.,"Title: Whispers of Autumn's End

Text: In the quietude of an autumn morn, with the sun barely peeking over the horizon, the once vibrant and resplendent world was now awash in a melancholic hue. The leaves, once a fiery tapestry of reds, golds, and oranges, now lay strewn about in a despondent heap, their vibrant colors drained away, leaving only a hint of their former glory. A chill crept through the air, carrying with it the bittersweet scent of decay and the lingering whispers of summers past. The once lively birds, now huddled in the hollows of"
mistral,Historical Fiction,3,5,Describe an autumn morning using a sad nostalgic literary tone.,"Title: Whispers of Autumn Past

In the hushed stillness of an autumn morn, the world lay draped in melancholic splendor, clinging to the fleeting remnants of sun-kissed summer days. With the onset of twilight creeping stealthily upon the horizon, the once-verdant landscape had begun its metamorphosis, donning an ochre cloak of sorrow.

The quietude of the morning was shattered only by the gentle sighs of autumn leaves as they pirouetted gracefully from their arboreal companions, drifting to the ground like amber rain. Each leaf's descent seemed a symbol"
mistral,Historical Fiction,4,1,Write a poetic paragraph about an autumn morning filled with melancholy.,"Amidst the gently sloping land of yesteryears,
Where once the verdant hues of springtime bloomed so clear,
An autumn morn descended, draped in melancholy's gear.

Beneath the waning moon's last tender beams,
The fiery tones of autumn's brush were laid,
A kaleidoscope of colors like dreams.

Yet in the crispness of the morn air, a sigh echoed,
A whispered note of loss and bittersweet regret,
As nature's grand symphony, in its quietude, seemed to weep and fret.

The leaves, awash in"
mistral,Historical Fiction,4,2,Write a poetic paragraph about an autumn morning filled with melancholy.,"Amidst the waning days of luminous September,
Awakes the land, in hushed Autumn's slumber deep,
Where once the verdant hues of summer weaver,
Now wept the trees in crimson, gold, and deep amber weep.

The sun ascends, a mellow, melancholic sphere,
Its golden-tinged beams caressing the dew-kissed leaves,
As whispers of the wind, through quivering branches, reach the ear,
They carry tales of summer's end, and the gentle grief.

Beneath a canopy of trees in shades of gold,
I"
mistral,Historical Fiction,4,3,Write a poetic paragraph about an autumn morning filled with melancholy.,"In the waning days of harvest's golden reign,
Where leaves of gold and crimson gently sway,
A gentle breeze carries whispers of the rain,
And autumn's melancholy holds the day.

The sun, a fiery orb of amber hue,
Peeks through a canopy of dying trees,
Their vibrant leaves fluttering in a soft, slow,
Dance of despair as winter's approach appeaseth.

Crisp beneath our feet, the carpet of the land,
A symphony of crunching, whispers, and sighs,
The scent of woodsmoke drifting, hand in hand,
A fleeting"
mistral,Historical Fiction,4,4,Write a poetic paragraph about an autumn morning filled with melancholy.,"Amidst the quilted tapestry of Autumn's grand display,
An autumn morning breaks, its melancholy at play.
Whispers of crimson and gold awaken the slumbering day,
Yet the world lies draped in silence, as if in gentle array.

Pristine dew droplets cling to the cobweb's intricate veil,
Nature's delicate artwork, unveiled in the pale light's trail.
Leaves of once-verdant hue now surrender to the gale,
In this fleeting season's dance, between life and the pale.

The sun rises regally,"
mistral,Historical Fiction,4,5,Write a poetic paragraph about an autumn morning filled with melancholy.,"Amidst the amber hues of autumn's grace, A wistful morning dawned with gentle light, Where leaves, like loyal soldiers, took their place, In the grand procession of the changing night.

Upon the quiet canvas of the trees, Their crimson and gold banners fluttered free, A bittersweet symphony of rustling leaves, Echoed through the valley, as if in decree.

Beneath the weeping willow's mournful shade, Where memories took root and tender hearts once bled, The mellow sunbeams, in a whispered array, Cast long, languid shadows betwixt the glade.

The cool"
mistral,Historical Fiction,5,1,Write a literary description of an autumn morning using metaphors and sensory imagery.,"In the waning days of the year, as the sun began to creep over the horizon, the ancient forest woke up to the symphony of an autumn morning. The vibrant hues of summer had given way to a more subdued palette, with the trees donning their finest robes of gold, crimson, and amber. The forest floor, once carpeted in the lush green of verdant foliage, now lay quilted in a tapestry of fallen leaves.

A gentle breeze whispered through the trees, carrying with it the scent of decay and rebirth. The air was crisp and cool, with a bite that spoke of winter's approach. The sun's first r"
mistral,Historical Fiction,5,2,Write a literary description of an autumn morning using metaphors and sensory imagery.,"In the quilted tapestry of time, where the verdant hues of spring and summer give way to the amber and scarlet hues of autumn, a morning awakens with the subtle grace of a master painter. The sun, a grand orb of molten gold, begins to lift itself from the eastern horizon, its tender rays kissing the world below, as the veil of night gradually recedes.

The trees, once the sentinels of emerald and jade, now stand proudly arrayed in their resplendent autumn livery. Their limbs, heavy with foliage, tremble slightly in the crisp morning breeze as they release their leaves, which dance gracefully"
mistral,Historical Fiction,5,3,Write a literary description of an autumn morning using metaphors and sensory imagery.,"Amidst the waning days of the harvest season, in the hallowed land of Veritas, awoke an autumn morning of ethereal splendor. The sun, a golden orb of divine descent, peeked over the horizon, casting long shadows that danced upon the ancient cobblestone streets. The air was crisp and biting, heralding the arrival of winter's frost with a nip in the nasal passages and a chill that crept up the spine.

The trees, once a verdant tapestry of life, now donned robes of resplendent golds, vibrant reds, and fiery oranges. They stood like stoic sentin"
mistral,Historical Fiction,5,4,Write a literary description of an autumn morning using metaphors and sensory imagery.,"Title: Golden Harvest: An Autumn Awakening

In the quietude of a crisp autumn morn, the sun reluctantly peeked over the slumbering horizon, casting long shadows on the tinged gold and crimson foliage. A gentle, cool breeze whispered through the trees, carrying with it the pungent aroma of decaying leaves and the faintest hint of woodsmoke from distant hearths.

Beneath the weeping willow, a lone acorn lay, the symbol of renewal and resilience despite the chill in the air. The landscape bore an ethereal resemblance to a painted fresco, with the sun's golden"
mistral,Historical Fiction,5,5,Write a literary description of an autumn morning using metaphors and sensory imagery.,"Under the gilded tapestry of an autumn morning, the sun rose like a golden orb, piercing the veil of night's final remnants. The trees donned their most vibrant attire, an explosion of crimson, amber, and scarlet leaves that danced in the gentle breeze. The air was a symphony of crispness, as the chill of the impending winter crept in, weaving itself through the remaining warmth of the fading summer.

Beneath the gnarled branches of the ancient oaks, the carpet of leaves whispered secrets of the past, their rustling an echo of the turning of the seasons. Each leaf, an ephemeral flower,"
mistral,Adventure,1,1,Write a description of an autumn morning in a melancholic style.,"Title: Whispers of Autumn's Farewell

As the first light of dawn broke through the heavy autumnal clouds, the quaint village of Willowbrook awoke to a melancholic spectacle. The sun's rays, golden and weak, struggled to illuminate the somber landscape. The trees, once an exuberant tapestry of green, stood barren now, their leaves a fiery palette of red, orange, and gold, as they prepared to surrender to the biting winds. The air was crisp and carried the unmistakable scent of woodsmoke, apple cider, and pine needles, a subtle reminder of the season's trans"
mistral,Adventure,1,2,Write a description of an autumn morning in a melancholic style.,"Title: Whispers of the Autumn Breeze

The first light of dawn crept over the horizon, casting a melancholic glow over the sleepy village. The autumn morning was alive with a bittersweet symphony of sights and sounds. The crimson and gold leaves, once vibrant and full of life, now lay scattered over the ground, a stark reminder of the passing seasons. The crisp, cool breeze carried the distant echoes of rustling leaves and the faint chirping of the earliest birds.

The once-bubbling brook that ran through the heart of the village now flowed at a slower pace, its once lively surface now tranquil and still. The"
mistral,Adventure,1,3,Write a description of an autumn morning in a melancholic style.,"Title: The Mournful Autumn Dawn

The crisp autumn air nipped at my cheeks as I trudged along the winding forest path, the crunch of leaves underfoot the only companionship I could muster. The sun had barely risen, casting a melancholic glow over the landscape, the vibrant hues of red and gold tinged with a sense of impending loss.

The forest, once a symphony of life and color, now wore a mournful expression, the trees shedding their leaves in a quiet surrender to the encroaching winter. The once lively melody of birdsong had given way to a somber silence, broken only by the"
mistral,Adventure,1,4,Write a description of an autumn morning in a melancholic style.,"Title: Whispers of the Withered Leaves

As the first light of dawn creeped over the horizon, the once vibrant village of Willowbrook was draped in a melancholic veil of autumn. The trees that had once held a brilliant tapestry of greens and reds now stood bare and skeletal, their branches reaching out like gnarled fingers towards the sky. The crisp air carried the bittersweet scent of decay, a poignant reminder of the transient beauty of nature.

The village woke up to the symphony of crunching leaves, each step resonating like a mournful chorus. The once bustling streets were now vacant"
mistral,Adventure,1,5,Write a description of an autumn morning in a melancholic style.,"Title: Whispers of the Scarlet Autumn

The first light of dawn crept over the horizon, painting the sky with hues of orange and crimson. The crisp autumn air carried with it a bittersweet symphony of melancholy, as the once vibrant leaves now danced with the wind in their final, fiery dance before succumbing to the relentless march of time.

The forest, now bathed in the soft autumn glow, seemed to weep in silence as the last remnants of summer's charm clung to the trees, their once resplendent greens now transformed into a tapestry of scarlet, amber, and gold. The earth beneath"
mistral,Adventure,2,1,Create a short text portraying an autumn morning with a melancholic atmosphere.,"Title: Whispers of Autumn's End

As the first light of dawn peeked over the horizon, it bathed the world in a warm, amber glow. The trees in the forest, once a vibrant tapestry of reds, yellows, and oranges, now stood bare and skeletal, their branches reaching out like bony fingers against the sky. A gentle mist clung to the ground, shimmering with the faintest hint of gold as the sun's rays filtered through the thin veil.

The forest seemed to sigh with the weight of the passing seasons. The air held a melancholic chill, the remnants of summer's"
mistral,Adventure,2,2,Create a short text portraying an autumn morning with a melancholic atmosphere.,"Title: Whispers of Autumn's Farewell

The autumn morning breathed a melancholic atmosphere, as the sun rose slowly over the tranquil landscape, bathing the world in a warm, orange glow. The once vibrant leaves on the trees now lay in a heap on the forest floor, their colors muted and subdued. A breeze carried the crisp scent of falling foliage and woodsmoke, a reminder of the encroaching winter.

In the distance, a small village nestled among the trees, its rooftops barely visible through the mist. The villagers went about their morning chores, their faces reflecting a wistful longing for the warmth"
mistral,Adventure,2,3,Create a short text portraying an autumn morning with a melancholic atmosphere.,"Title: Whispers of Autumn's Farewell

The crisp air of autumn kissed my cheeks as I stepped out of the cozy confines of my cabin. The sun was just beginning to rise, painting the sky with a palette of orange, red and gold. Trees in the forest surrounding my cabin were ablaze with the vibrant hues of autumn, their leaves dancing in the gentle morning breeze. The tranquility of the scene, however, was marred by a melancholic stillness that hung in the air.

Each rustle of leaves underfoot echoed a hollow sense of loss, as if the forest itself was mourning the passing of the season. The trees seemed"
mistral,Adventure,2,4,Create a short text portraying an autumn morning with a melancholic atmosphere.,"Title: The Autumn Morning's Sorrowful Symphony

As the first rays of autumn sun peeked over the horizon, the village of Oakwood began to awaken from its slumber. The leaves on the trees, once a vibrant palette of reds, oranges, and yellows, now lay draped in a melancholic stillness. A gentle breeze carried the fragrant scent of decaying foliage, mingling with the crispness of the air.

The rooster’s crow echoed through the valley, as the village denizens stirred from their homes. In the distance, the school bell rang, signaling the beginning of a new day"
mistral,Adventure,2,5,Create a short text portraying an autumn morning with a melancholic atmosphere.,"Title: Autumn's Last Embrace

The crisp morning air of autumn nipped at my cheeks as I stepped out of my cozy cottage, a steaming mug of chamomile tea in hand. The trees surrounding my quaint little village were ablaze with fiery shades of red, orange, and yellow, their leaves quivering in the gentle breeze. The sun crept over the horizon, casting long, golden shadows that danced on the dew-soaked ground.

A melancholic silence enveloped the village, as if in reverence of the season's passing. The vibrant colors of autumn served as a stark reminder of the fleeting nature of life"
mistral,Adventure,3,1,Describe an autumn morning using a sad nostalgic literary tone.,"Title: Whispers of Autumn's End

The sun rose sullenly over the once-vibrant landscape, casting long, melancholic shadows over the now-bare trees. The crisp autumn air held the bittersweet scent of decaying leaves, a poignant reminder of the fleeting beauty of the season. In the distance, the trees stood tall and proud, their once-verdant foliage now a brilliant, yet desolate, tapestry of amber, gold, and crimson.

The morning mist clung stubbornly to the earth, weaving its way through the desolate branches, shrouding the world in a melancholic veil"
mistral,Adventure,3,2,Describe an autumn morning using a sad nostalgic literary tone.,"Title: The Elegy of the Falling Leaves

As the first light of dawn broke through the gauze of clouds, a melancholic hue blanketed the once vibrant landscape. The trees stood tall and majestic, their leaves now donning the colors of loss and longing. The warm amber tones of autumn had given way to a palette of sorrowful reds and desolate yellows.

The crisp chill in the morning air held a sadness that seemed to linger in the very soul of the earth, as if the passage of time itself was grieving. In the quietude of the forest, there was a sense of melancholic yearning, a po"
mistral,Adventure,3,3,Describe an autumn morning using a sad nostalgic literary tone.,"Title: The Melancholic Autumn morn

The sun peeked over the horizon, a weak and timid orb of light, casting long, mournful shadows over the once vibrant land. The crisp autumn air, now tinged with the bittersweet scent of decay and impending winter, clung to the trees, whispering tales of time's relentless passage.

A gentle breeze wove its way through the golden leaves, sending them twirling and pirouetting gracefully to the ground, their vibrant hues now muted and subdued in the soft, melancholic glow of the autumn morning. The trees themselves seemed to stand as sentinels to"
mistral,Adventure,3,4,Describe an autumn morning using a sad nostalgic literary tone.,"Title: Whispers of Autumn's End

The morning sun peeked over the horizon, casting a bittersweet glow upon the landscape. The trees, once a brilliant tapestry of reds, oranges, and yellows, now stood barren and skeletal, their leaves having surrendered to the relentless march of time. A chill winds weaved its way through the air, carrying with it the distant echoes of laughter, the faintest whispers of a thousand memories.

The crunch of leaves beneath my feet, once a symphony of life, now played a melancholic tune as I walked, lost in the labyrinth of my own thoughts."
mistral,Adventure,3,5,Describe an autumn morning using a sad nostalgic literary tone.,"Title: Whispers of Autumn's Farewell

The crisp and cool autumn air whispered through the trees, carrying the scent of decaying leaves and the bitter taste of impending endings. The sun was just beginning to rise, painting the sky with hues of orange and red that clung desperately to the fading day. The world was wrapped in a blanket of silence, as if holding its breath for the inevitable goodbye.

The rustling of leaves underfoot told the story of the passing seasons, a melancholic symphony that echoed the sadness in the heart of the wanderer. The trees, once adorned with vibrant greens and blooming flowers, now stood"
mistral,Adventure,4,1,Write a poetic paragraph about an autumn morning filled with melancholy.,"Amidst the crisp embrace of autumn's wake,
A golden sun peeks through the quivering leaves,
As morning's gentle breath caresses the breeze,
A symphony of rustling whispers weaves.

Beneath the canopy of fiery trees,
A lonesome melody resonates,
The tender hues of red and gold recede,
A bittersweet ballet of life and decays.

Nature's quiet mourning softly sings,
Of seasons' cycles and transient grace,
In this stillness, beauty finds its wings,
An autumn morning's fleeting, poignant trace."
mistral,Adventure,4,2,Write a poetic paragraph about an autumn morning filled with melancholy.,"Amidst the tapestry of crimson and gold,
An autumn morning casts its gentle spell,
A whispered breeze exhales a tale so old,
In the heart of nature's waning tell.

The sun, a fiery orb of burnished hue,
Ascends the sky with a regal grace,
Yet, in its warmth, a melancholic view,
As time's swift hand etches its relentless trace.

Leaves, like the breath of life, slowly fall,
Landing softly in the dance of light,
An ephemeral beauty, transient and small,
In the quietude of twilight's"
mistral,Adventure,4,3,Write a poetic paragraph about an autumn morning filled with melancholy.,"Amidst the amber hues of autumn's grace,
Where leaves in whispers, dance with gentle grace,
A melancholic morning breaks,
With sunbeams piercing through the labyrinth of trees.

The bittersweet scent of withering blooms,
An echo of summer's long-lost glooms,
Gentle breezes brush against my cheek,
As time's relentless march, in autumn's hues, we seek.

Beneath the canopy of gold and red,
A world shrouded in an autumnal shroud,
The crisp air crackles with each footfall's tread,
In"
mistral,Adventure,4,4,Write a poetic paragraph about an autumn morning filled with melancholy.,"Amidst the tapestry of autumn's grace,
Awakens the world, bathed in gentle light,
Where leaves in hues of amber grace,
Bask in the warmth of the morning's bright.

As sunbeams filter through the trees,
Their golden fingers reach out to caress,
The crisp air whispers through the breeze,
Speaking tales of loss and of finesse.

With every gust, the days grow short,
The trees shed their children, one by one,
A melancholic symphony mutes,
In the silence of a world undone.

Through the haze, we see reflections"
mistral,Adventure,4,5,Write a poetic paragraph about an autumn morning filled with melancholy.,"Amidst the crisp embrace of autumn's morn,
When leaves like fiery whispers sigh,
The sun, a golden orb, begins to be born,
Awakening slumbering woods that lie.

Beneath the azure sky so vast and wide,
The trees wear coats of amber and gold,
Their leaves in a symphony, they confide,
Dancing to the winds, they twirl and they hold.

Yet amidst this beauty, a melancholy call,
The air, a bittersweet symphony,
The leaves, a reminder, in their brilliant thrall,
Of the fleeting moments of life's"
mistral,Adventure,5,1,Write a literary description of an autumn morning using metaphors and sensory imagery.,"Title: Whispers of Autumn's Embrace

The sun, a radiant orb of gold, slowly ascended the sky, piercing through the veil of morning mist. The air was crisp and cool, laced with the sweet aroma of decaying leaves and the tantalizing scent of fresh apples. The forest, awakened from its slumber, echoed with the symphony of rustling leaves and the gentle chorus of birds bidding farewell to the night.

The trees, once a vibrant green, now stood proud and resplendent in amber and gold, their branches adorned with a fiery tapestry of leaves. Their leaves danced and"
mistral,Adventure,5,2,Write a literary description of an autumn morning using metaphors and sensory imagery.,"Title: Whispers of Autumn's Embrace

The first light of dawn crept over the horizon, painting the early morning sky with a palette of fiery hues. The world awoke from its slumber, stretching out to embrace the crisp, cool touch of autumn.

A symphony of crunching leaves heralded the arrival of the new day, their vibrant reds, yellows, and oranges scattering like confetti beneath the gentle tread of passersby. The air was alive with the aroma of woodsmoke and spice, mingling with the sweet scent of decaying foliage.

The trees stood tall and proud,"
mistral,Adventure,5,3,Write a literary description of an autumn morning using metaphors and sensory imagery.,"Title: The Autumn Awakening

As the first light of dawn crept over the horizon, the world awoke from its slumber, donning a fiery cloak of autumn hues. The trees, once adorned with a verdant mantle of leaves, now stood proud as they shed their green apparel, revealing a tapestry of crimson, gold, and amber. The air carried a crisp, cool bite, as if each breath taken in was a draught of the purest elixir.

The sun, a magnificent painter, began to dab the palette of the sky with the hues of twilight, as the distant trees echoed"
mistral,Adventure,5,4,Write a literary description of an autumn morning using metaphors and sensory imagery.,"Title: The Autumn Awakening

As the first rays of sun peeked over the horizon, the forest came to life with a symphony of colors and scents. The crisp morning air carried the sweet tang of decaying leaves, a gentle reminder of the earth's cycle of rebirth. The sunlight filtered through the scarlet and gold leaves of the deciduous trees, casting long, intricate shadows on the forest floor below. With each gust of wind, the leaves danced and twirled, their vibrant hues shimmering and transforming in the dappled sunlight.

The forest floor was a patchwork of amber, burnt orange, and deep red, as"
mistral,Adventure,5,5,Write a literary description of an autumn morning using metaphors and sensory imagery.,"Title: Whispers of Autumn's Embrace

The first light of dawn crept over the horizon, painting the sky with hues of gold and crimson. The crisp air of autumn held a gentle bite, a prelude to the day's symphony of colors and sensations. Nestled within the embrace of the trees, the sun's rays filtered through a canopy of vibrant foliage, casting dappled patterns of light and shadow on the forest floor.

The autumnal leaves, like a million fiery quills, danced in the gentle breeze, their vibrant reds, yellows, and oranges weaving an intricate tapestry"
mistral,Horror,1,1,Write a description of an autumn morning in a melancholic style.,"Title: Whispers of the Autumn Wind

Amidst the somber landscape of a forsaken town nestled in the heart of the woods, the first rays of the autumn sun peeked through the heavy curtains of the morning sky. A ghostly chill lingered in the air, as if the very forest itself held its breath in anticipation of the coming day. The leaves, once a vibrant symphony of red, orange, and gold, now lay strewn across the ground, their vibrant hues muted by the dampness of the earth.

The trees stood tall and bare, their skeletal limbs reaching out towards the heavens, their branches whispering tales of"
mistral,Horror,1,2,Write a description of an autumn morning in a melancholic style.,"In the quiet, sleepy town of Hollow Hollow, autumn had blanketed the landscape in a fiery tapestry of reds, oranges, and yellows. The crisp morning air bit at the nostrils, carrying with it the musty scent of decaying leaves and the haunting whispers of the wind. The sun rose reluctantly, painting the sky with hues of pink and purple, as if reluctant to leave behind the dark, eerie beauty of the night.

The trees, once vibrant and full of life, now stood skeletal and bare, their branches reaching out like bony fingers to the sky. The autumn rain, a constant companion, dripped rhythmically"
mistral,Horror,1,3,Write a description of an autumn morning in a melancholic style.,"In the quaint, forgotten village of Wilted Hollow, the sun rose on a crisp autumn morning, casting long shadows across the desolate landscape. The trees stood bare, their skeletal limbs reaching up towards the heavens, their leaves long shed in a melancholic dance of loss. The chill in the air pierced through the thin sheets of clothing, a biting reminder of the encroaching winter.

A somber silence settled over the village as the dew-kissed grass shimmered in the early morning light. The once-vibrant hues of the world now drained of color, replaced by a palette of earth tones and browns. The air hung"
mistral,Horror,1,4,Write a description of an autumn morning in a melancholic style.,"Title: The Whispering Leaves

Amidst the tranquil slumber of a quaint village nestled in the heart of the autumnal countryside, an eerie stillness descended. The rustic charm of the region, blanketed in the amber hues of the season's transformation, was contrasted by an inexplicable melancholy that lingered in the crisp morning air.

The sun, a golden orb of ethereal warmth, peeked over the horizon, casting long, elongated shadows on the cobblestone streets. Leaves, once a vibrant palette of reds, yellows, and oranges, lay strewn about in"
mistral,Horror,1,5,Write a description of an autumn morning in a melancholic style.,"Once upon a time in the quaint town of Wistful Hollow, nestled among the rolling hills and vibrant foliage, autumn's gentle touch descended upon the sleepy landscape. As the sun began to rise, the first hints of orange and gold crept across the heavens, casting long, eerie shadows on the deserted streets. The air was crisp and biting, a chilling reminder of the encroaching winter.

Amidst the crunching leaves and the haunting whispers of the wind, a sense of melancholy lingered in the air. The trees, once resplendent in their summer colors, now stood bare and leafless, their"
mistral,Horror,2,1,Create a short text portraying an autumn morning with a melancholic atmosphere.,"Title: Whispers of the Fallen Leaves

Amidst the quaint, sleepy village of Withered Hollow, the first rays of autumn sun filtered through the trees, casting long, gnarled shadows on the cobblestone streets. The village, bathed in a golden light, seemed to be held in a gentle slumber, as if in a trance. Yet, the stillness of the morning belied an underlying melancholy.

A cool breeze carried the scent of decaying leaves and damp earth, a potent reminder of the slow and inexorable passage of time. The trees, once a brilliant tapestry of vibrant colors, now stood almost bare, their"
mistral,Horror,2,2,Create a short text portraying an autumn morning with a melancholic atmosphere.,"Title: The Autumn's Lament

In the quaint town of Amberwood, nestled between the rolling hills and painted with the vibrant hues of autumn, an eerie calm enveloped the morning. The sun rose slowly, casting long, haunting shadows across the desolate landscape. Leaves danced in the gentle breeze, their golden and crimson colors a stark contrast to the melancholic atmosphere that hung over the town.

Maggie, a local artist, stood on the outskirts of Amberwood, her eyes fixed on the landscape before her. An inexplicable sadness gripped her heart, as if the very soul of the town was mourning the loss"
mistral,Horror,2,3,Create a short text portraying an autumn morning with a melancholic atmosphere.,"Title: The Whispering Leaves

Beneath the crisp autumn sky, the quaint village of Withering Hollow lay draped in a melancholic haze. The sun had barely risen, casting long, dark shadows over the once vibrant village. The air was thick with the scent of decaying leaves, a pungent reminder of the passing season.

As the first light of day began to filter through the trees, the leaves danced in a desolate ballet, whispering their final breaths as they surrendered to the cold embrace of the earth. The trees, once teeming with life, now stood skeletal and bare, their branches reaching out like g"
mistral,Horror,2,4,Create a short text portraying an autumn morning with a melancholic atmosphere.,"Title: The Autumn's Lament

In the quaint little village of Hollow Creek, nestled among the golden hues of autumn, the morning sun began to rise. The crimson and gold leaves danced gently in the crisp morning breeze, painting the cobblestone streets in hues of amber and scarlet. Yet, beneath the vibrant surface, an eerie stillness lingered.

Melancholy seemed to seep through the very air, as if the village was mourning the passage of time. The village folk went about their daily routines, shrouded in a profound silence that was almost deafening. The only sound that could be heard was the distant crunch"
mistral,Horror,2,5,Create a short text portraying an autumn morning with a melancholic atmosphere.,"Once upon a time, in the quaint village of Autumn's Edge, the leaves were beginning to turn amber and crimson against the October sky. The morning sun peeked over the treetops, casting long shadows across the landscape. Yet, there was a melancholic air that lingered over the village, as if the passage of time held a bitter taste.

The crunch of leaves underfoot echoed through the silence, a sound that seemed to carry the weight of memories long forgotten. The air was crisp and cool, a reminder of the impending winter. Old trees, their branches now bare, stood sentinel over the village, their branches shivering slightly in the early morning breeze."
mistral,Horror,3,1,Describe an autumn morning using a sad nostalgic literary tone.,"In the quaint, forgotten hamlet of Mournwood, where the last vestiges of autumn clung tenaciously to the landscape, the first light of day peeked over the distant hills. The air carried a bittersweet symphony of crisp leaves falling in a desultory dance, their once vibrant hues now faded and melancholic. The sun, a reluctant spectator to this annual spectacle, painted the sky in hues of amber and crimson, casting long, mournful shadows that stretched lazily over the empty streets.

The hollowed-out echoes of rustling leaves, the crunching underfoot of fallen foliage, and the des"
mistral,Horror,3,2,Describe an autumn morning using a sad nostalgic literary tone.,"Title: The Melancholic Autumn

Amidst the quaint, sleepy village of Morningside, nestled between the hills and the forest, the autumn mornings were a spectacle to behold. Yet, as the sun began to rise, casting a golden glow over the landscape, a palpable sense of melancholy hung in the air. The crimson and gold leaves, scattered carelessly across the lawns, seemed to whisper tales of yesteryears, of memories long forgotten.

The chill in the morning breeze spoke of the approaching winter, a relentless force that would soon envelop the village in its icy embrace. The air held a sweet, bitter scent,"
mistral,Horror,3,3,Describe an autumn morning using a sad nostalgic literary tone.,"Title: The Melancholic Autumn

In the quaint, sleepy town of Amberville, where the leaves danced with the golden hues of autumn, the morning sun emerged from the slumbering horizon, painting the sky with a palette of melancholic colors. The town, shrouded in a hush of tranquility, seemed to have been awakened from its long slumber by the gentle caress of the morning breeze.

The air was crisp and filled with the unmistakable aroma of fallen leaves, mingled with the bittersweet scent of woodsmoke wafting from the ancient chimneys of the houses. The trees, once adorned"
mistral,Horror,3,4,Describe an autumn morning using a sad nostalgic literary tone.,"Once upon a time in a quiet, forgotten hamlet nestled in the heart of an amber-hued autumn forest, there stood a quaint little cottage. The leaves on the trees surrounding it had begun their annual descent, paintbrushing the woodland floor with a tapestry of scarlet, gold, and orange. Each gust of wind carried with it a mournful sigh, as though the very air itself held the weight of a thousand unspoken sorrows.

As the first light of dawn crept into the sky, casting long, mournful shadows across the forest floor, a pall of melancholy descended upon the village. A bittersweet scent of woodsmoke waft"
mistral,Horror,3,5,Describe an autumn morning using a sad nostalgic literary tone.,"Title: The Whispers of Autumn's End

Once upon a time, in the quaint, sleepy village of Meadowbrook, nestled amidst the vibrant hues of autumn, there existed an uncanny stillness that hung in the air like a shroud. As the sun began to rise, casting a golden glow upon the crisp leaves, an inexplicable melancholy settled upon the village.

The trees, once bursting with life, now stood tall and bare, their skeletal branches reaching out towards the heavens as if in a last-ditch plea for warmth. The once-verdant grasses had long since given way to the fro"
mistral,Horror,4,1,Write a poetic paragraph about an autumn morning filled with melancholy.,"Upon the autumn morn, where amber leaves do fall,
A solitary chill creeps through the air so cold,
The sun, in timid grace, ascends the sky's pale wall,
Beneath a veil of melancholic, weeping gold.

Whispers of the wind echo through the hollow trees,
A mournful symphony for souls lost in despair,
An ode to the moments slipping through time's decree,
The transient beauty of autumn's fleeting glare.

Bare branches claw at the heavens, seeking light,
Tangled in the embrace of twilight's end,
Autumn's"
mistral,Horror,4,2,Write a poetic paragraph about an autumn morning filled with melancholy.,"Amidst the quaint village of Wilted Leaves, where autumn's chill now weaves, A sunrise breaks, its hues defiantly brief, In scarlet and gold, an ephemeral relief. Yet beneath the rustic beauty lies a mournful song, A melancholy lullaby that's always strong.

Sadness creeps in, where once laughter rang, As leaves flutter down, like tears that cling, To the mossy ground, their vibrant lives now spent, In a spectral dance, a mournful lament.

The chilling wind whispers tales of time, Of forgotten summers and lost golden prime, And in"
mistral,Horror,4,3,Write a poetic paragraph about an autumn morning filled with melancholy.,"Amidst the quilted tapestry of autumn's grand decay,
The sun crept gently up, its golden rays,
Awakening the world from slumber's grasp,
Yet tinged with melancholic sorrow's clasp.

Beneath the skeletal trees, where leaves once bloomed,
A symphony of silence, where nature's hum,
Now eerily quiet, as wind whispers a tale,
Of winter's impending arrival, unveiled.

In the mirror of still ponds, where reflections reside,
The trees bear witness to the changing tide,
A season of beauty, yet a"
mistral,Horror,4,4,Write a poetic paragraph about an autumn morning filled with melancholy.,"Once upon an autumn morn in the quaint village of Hollow Hopes,
The sun arose weary, casting long, lamenting shadows.
Crimson and gold leaves twirled in a hauntingly beautiful dance,
While the crisp, cold wind whispered tales of a looming emptiness.

The trees, once proud and lush, now stood stark and bare,
Their skeletal limbs reaching out as if to grasp for something more.
The once vibrant garden lay dormant and still,
Its petals faded, their voices forever hushed in silence.

A chill crept in, as the sun's warm embrace faded away,
And"
mistral,Horror,4,5,Write a poetic paragraph about an autumn morning filled with melancholy.,"Amidst the slumbering hues of autumn's grace,
A tranquil morn doth rise, yet shadows cling,
In this sleepy hamlet where the trees embrace,
Their vibrant attire of crimson, amber, and gold.

Beneath the canopy of leaves in hues so bold,
The sun's soft caress illuminates the land,
Where once carefree children danced and scald,
Now echoes the faintest melody of wistful cries.

Each leaf a sonnet, whispered by the wind in gales,
As autumn's symphony of loss and longing plays,
Th"
mistral,Horror,5,1,Write a literary description of an autumn morning using metaphors and sensory imagery.,"Title: Whispers of the Crimson Autumn

Deep in the heart of the enchanted forest of Elderton, where time seemed to stand still, awoke the ethereal beauty of an autumn morning. A golden tapestry of sunlight filtered through the canopy of trees, casting long, playful shadows on the forest floor. The morning air was crisp and cool, whispering secrets to the ears that dared to listen.

The leaves, once vibrant and lush, now donned a fiery crimson blush, as if the trees had dipped their limbs in blood. Their sweet scent, a blend of molten cinnamon and smoldering embers,"
mistral,Horror,5,2,Write a literary description of an autumn morning using metaphors and sensory imagery.,"In the quaint village of Autumn's Embrace, the sun rose like a fiery orb, casting long shadows that danced and flickered upon the cobblestone streets. The air was crisp and biting, a harbinger of the chilling winter that lay just around the corner. The leaves, once a vibrant tapestry of reds, golds, and oranges, now lay crumpled and decaying at the feet of the ancient trees.

The trees themselves stood sentinel, their skeletal branches reaching out towards the heavens, seemingly imploring the sun to grant them one final burst of life. The sun's warm rays caressed the earth, a fle"
mistral,Horror,5,3,Write a literary description of an autumn morning using metaphors and sensory imagery.,"In the quaint village of Wilted Leaves, Autumn's gentle hand began to weave its annual tapestry of change. As the world slumbered beneath the cloak of night, the first flickers of dawn creeped over the horizon, heralding the arrival of a chilling autumn morning.

The sky was an artist's palette, ablaze with hues of crimson, gold, and orange. The sun, a timid orb, peeked through the barren branches of the trees, casting long, gnarled shadows on the dew-kissed ground. The leaves, once vibrant and alive, now lay in a melancholic dance at the"
mistral,Horror,5,4,Write a literary description of an autumn morning using metaphors and sensory imagery.,"In the quiet, slumbering town of Withered Hollow, the autumn morning crept in like a spectral visitor. The once vibrant leaves on the trees were now a fiery blend of crimson and gold, dancing in the gentle breeze, as if performing a macabre ballet. The air was laced with the piquant aroma of woodsmoke and decaying leaves, a heady perfume that clung to the senses like a damp shroud.

The sun rose slowly, its golden rays piercing through the veil of mist that clung to the cobblestone streets, casting long, gnarled shadows that seemed to come alive as they stretched and twisted in the cool autumn"
mistral,Horror,5,5,Write a literary description of an autumn morning using metaphors and sensory imagery.,"In the quaint village nestled between the rolling hills, where autumn's splendor reigned supreme, the sun peeked over the horizon like a malevolent eye opening to survey its domain. The trees in this enchanted land stood tall and proud, their branches aflame with the dying embers of red, orange, and gold leaves, as if a fiery painter had splashed the landscape with his fiery palette. The crisp air was alive with the sweet scent of decaying foliage and wood smoke, mingling with the biting chill that nipped at one's nose. The grass, once a lush carpet, now crunched beneath feet, transformed into a bed of"
mistral,Comedy,1,1,Write a description of an autumn morning in a melancholic style.,"Title: The Melancholic Autumn Morning

Once upon a time, in the quaint little village of Maple Grove, an autumn morning unfolded in a bittersweet symphony of colors and sensations. The sun was just beginning to peek over the horizon, casting a warm, golden glow over the landscape. Yet, amidst the vibrant hues of red, orange, and yellow leaves, a melancholic undercurrent permeated the air.

At the heart of this tale were two unlikely friends, Sam and Ella. They were an odd pair, Sam being an ever-optimistic painter, who found inspiration in the changing seasons, and Ella, a pessimistic viol"
mistral,Comedy,1,2,Write a description of an autumn morning in a melancholic style.,"Once upon a time, in the quaint little village nestled between the rolling hills and golden leaves of Autumn Woods, an autumn morning unfolded with a melancholic charm. The sun crept over the horizon, casting a warm glow on the sleeping world, but the crisp autumn air carried an undercurrent of sadness.

The leaves crunched beneath the feet of Amelia, a local artist, as she took her morning stroll along the cobblestone streets. Each crunch echoed the passing of time, a gentle reminder of the fleeting moments of Autumn. The vibrant reds, yellows, and oranges of the fallen leaves danced with the shadows cast by the early morning light"
mistral,Comedy,1,3,Write a description of an autumn morning in a melancholic style.,"Title: The Autumn Melancholy

Once upon a time, in the quaint little town of Maple Leaf Meadows, an autumn morning unfurled in all its bittersweet glory. The sun peeked over the horizon, casting long, golden shadows across the sleeping landscape. The crisp air carried the scent of woodsmoke and decaying leaves-a bittersweet symphony for the senses.

The townspeople, bundled up against the morning chill, went about their daily routines. Children, dressed in their jackets and scarves, walked to school, their breaths leaving little puffs in the frosty air. Farmers tended to their autumn harvest, the golden"
mistral,Comedy,1,4,Write a description of an autumn morning in a melancholic style.,"Once upon a time, in the quaint little town of Amber Falls, an autumn morning unfurled with a melancholic charm. The sun peeked over the horizon, casting a golden hue over the crumbling leaves on the ground. A gentle breeze whispered through the trees, sending a shiver down the spine of anyone who dared to listen.

The streets were empty, save for a lone figure shuffling along, wrapped in a worn overcoat. This was Edgar, a local baker who had spent the better part of his life perfecting the art of creating pastries that could capture the essence of the seasons. He looked out at the town, his eyes welling up with a sad"
mistral,Comedy,1,5,Write a description of an autumn morning in a melancholic style.,"Once upon a time, in the quaint little village of Amber Hollow, an autumn morning unfurled with a melancholic grace. The leaves on the trees were a fiery symphony of reds, oranges, and yellows, each one more beautiful than the last. But as the sun began to rise, casting a golden glow over the landscape, a sense of sadness settled in.

In the quiet stillness of the morning, the crunch of leaves underfoot seemed to echo the heaviness in the air. The villagers went about their daily routines, their faces etched with lines of worry and care. The laughter and joy of past seasons seemed a distant memory, as the chill in"
mistral,Comedy,2,1,Create a short text portraying an autumn morning with a melancholic atmosphere.,"Title: The Melancholic Autumn Morning of Maple Lane

Once upon a time, in the quaint town of Maple Lane, an autumn morning unfurled with a bittersweet charm. The leaves on the trees were a riot of reds, yellows, and oranges, swaying gently in the cool breeze. But amidst the vibrant colors, there was a sense of melancholy that hung in the air.

The sun peeked over the horizon, casting long, golden shadows on the quiet streets. The residents of Maple Lane were up early, getting ready for another day. But there was a noticeable lack of enthusiasm in their steps, as if they were carrying the"
mistral,Comedy,2,2,Create a short text portraying an autumn morning with a melancholic atmosphere.,"Title: Autumn's Last Laugh
Text: Once upon a time, in the quaint little town of Maplewood, as the first leaves of Autumn began to fall, a group of unlikely friends came together for their daily coffee ritual at the cozy Maple mug. The friends were a motley crew, each with their own unique quirks and backgrounds. There was Fred, a grumpy old retired literature professor, with a heart as warm as a fresh apple pie; Marge, a sweet-natured librarian, who held the town's history in her heart; and Sam, a mischievous paintbrush salesman, whose laughter was as contagious as a"
mistral,Comedy,2,3,Create a short text portraying an autumn morning with a melancholic atmosphere.,"Title: The Melancholic Autumn Morning of Maple Lane

Once upon a time, in the quaint little town of Maple Lane, an autumn morning dawned with a melancholic charm. The sun rose slowly, casting long shadows on the crisp, golden leaves that had fallen from the trees, creating a picturesque scene of serene beauty.

As the first rays of sunlight filtered through the trees, the town came to life. The aroma of freshly brewed coffee wafted through the air, mingling with the crisp autumn breeze. In the distance, the sound of leaves crunching underfoot could be heard, as the residents of Maple Lane took their daily stroll"
mistral,Comedy,2,4,Create a short text portraying an autumn morning with a melancholic atmosphere.,"Title: The Autumn Morning Melancholy

Once upon a time, in the quaint little village of Maplewood, an autumn morning unfurled with a melancholic charm. The sun peeked over the horizon, casting a warm, golden glow over the sleepy landscape. Yet, amidst the picturesque scene, the villagers could not help but feel a pang of sadness in their hearts.

The leaves on the trees wore a riot of colors - reds, yellows, and oranges, but their vibrancy seemed less vibrant, as if mourning the impending arrival of winter. The villagers went about their daily routines, their steps heavy with the weight of"
mistral,Comedy,2,5,Create a short text portraying an autumn morning with a melancholic atmosphere.,"Title: The Autumn Leaf Club: An Unseasonably Melancholic Morning

Once upon a time, in the quaint little town of Maplewood, there existed a most peculiar club. It was called the Autumn Leaf Club, a gathering of the town's most eccentric residents who came together every autumn morning to celebrate the bittersweet beauty of the season.

As the first golden leaves began to fall, the members of the Autumn Leaf Club, clad in their coziest cardigans and galoshes, would gather at the town square's old oak tree, their favorite meeting place. The members included Bert, the grumpy old baker, with his never-ending"
mistral,Comedy,3,1,Describe an autumn morning using a sad nostalgic literary tone.,"Title: The Autumn Whispers of Yesterday

Beneath the melancholic canopy of an autumn sky, the sun peeped through the crimson leaves, casting an amber glow on the once vibrant town. The crisp air carried the scent of woodsmoke and damp earth, a potent cocktail of memories and melancholy.

In the quietude of the slumbering village, the cobblestone streets echoed with the reverberating footsteps of yesterday. The autumn leaves, once full of life, now lay sprawled on the ground, their brilliant hues of gold, orange, and red, a poignant reminder of the fleeting moments of joy that once belonged"
mistral,Comedy,3,2,Describe an autumn morning using a sad nostalgic literary tone.,"Once upon a time, in the quiet town of Golden leaves, an autumn morning unfurled itself slowly, painting the world in hues of melancholy and longing. The sun rose timidly, hesitant to intrude upon the tranquil slumber of the town. The trees were aflame in the fiery reds and golds of autumn, their leaves trembling gently in the crisp morning breeze.

At the heart of the town, the old town square was shrouded in a misty silence. The empty benches seemed to whisper tales of seasons past, the cobblestones echoed with the laughter of children long grown, and the clock tower stood tall and proud, keeping"
mistral,Comedy,3,3,Describe an autumn morning using a sad nostalgic literary tone.,"Title: The Autumn Morning Elegy

Once upon a time, in the quiet sleepy town of GoldenLeaf, an autumn morning unfurled its solemn curtain, painting the world with hues of melancholy and longing. The sun, a timid orange ball, rose slowly over the landscape, casting elongated shadows that seemed to reach out and touch the very soul of the earth.

Amidst the crisp golden leaves that blanketed the ground, three friends, Amelia, Oliver, and Benjamin, sat in a circle, huddled around a steaming pot of homemade cocoa. The chill in the air penetrated their very bones, a stark reminder of the"
mistral,Comedy,3,4,Describe an autumn morning using a sad nostalgic literary tone.,"title: The Autumn Elegy: A Morning of Melancholy

Once upon a time, in the quaint little town of Harvest's End, there existed an autumn morning so profoundly beautiful, it bore an unshakable sadness within its very core. The sun had scarcely risen, casting long shadows across the sleepy village, as if mourning the passing of summer's golden glow.

Beneath the gnarled branches of the ancient oak tree, sat Elias, a poet famed for his words that captured the essence of the seasons. He clasped his worn, leather-bound journal, his quill inked and ready, as he watched the autumnal tapestry"
mistral,Comedy,3,5,Describe an autumn morning using a sad nostalgic literary tone.,"Title: The Melancholic Autumn Morning

Once upon a time, in the quaint little town of Amber Leaves, there existed a tradition unlike any other. Every autumn morning, as the sun began to peek over the horizon, the townsfolk would gather in the town square, taking a moment to savor the bittersweet flavors of the season.

The leaves, once a vibrant palette of reds, oranges, and yellows, now lay on the ground, a dulled reflection of their former glory. The air was crisp and carried a faint scent of woodsmoke and damp earth. It was a time of introspection, a time when the passage of time"
mistral,Comedy,4,1,Write a poetic paragraph about an autumn morning filled with melancholy.,"Once upon an Autumn morn, in a quaint little town, Where leaves in fiery hues did lay, piled high round. A gentler breeze did now caress The branches, whispering, ""Let go, my dear, let go,"" To the trees that swayed and sighed, in a somber dance.

The sun, a golden orb, did rise so slow,
Its rays of warmth could scarcely pierce the gloom,
And cast upon the earth, a tapestry of light,
That highlighted each amber, crimson and gold leaf, in plain sight.

For in that moment, the world seemed still,
As Nature shed her cloak,"
mistral,Comedy,4,2,Write a poetic paragraph about an autumn morning filled with melancholy.,"Amidst the quilted tapestry of amber leaves,
An autumn morning awakens, shrouded in grief.
Crisp air whispers tales of seasons passed,
As sunlight casts shadows with a faintly sad past.

Leaves pirouette in the dance of the breeze,
A bittersweet serenade to summer's ease.
Beneath the tree canopy, a tapestry of hues,
The world bathed in a symphony of warm, melancholic hues.

A gentle drizzle blankets the earth below,
Quenching the thirst of the land, yet bringing a somber woe.
Aut"
mistral,Comedy,4,3,Write a poetic paragraph about an autumn morning filled with melancholy.,"Once upon an Autumn morn, when leaves did softly weep,
A gentle breeze did dance, a melancholic sweep.
The sun, a golden orb, rose slowly in the east,
Its warm embrace, a bittersweet, fleeting feast.

The trees, in vibrant reds and golds, wore robes of wistful grace,
Their branches whispering tales in the crisp, cool air's embrace.
The world, in hues of sadness and delight, awoke to play,
A symphony of crunching leaves and chirping birds at break of day.

The wind, a wandering bard, recited"
mistral,Comedy,4,4,Write a poetic paragraph about an autumn morning filled with melancholy.,"Once upon an autumn morn, in a quaint little town, Where leaves of amber, gold and red, lay softly ground. The sun crept up with a gentle grace, casting long, amber light, On trees that wept in hues of autumn night.

A melancholic air did linger in the air, A chill that chased away the summer's heat. The birds, once bright and loud, now sang softly, Their songs a sad serenade, bittersweet.

The wind whispered tales of summers past, Of carefree days and golden sunsets, Now fading into memories, As autumn took its place, a poignant witness.

Oh, autumn"
mistral,Comedy,4,5,Write a poetic paragraph about an autumn morning filled with melancholy.,"Once upon an autumn morning, in the quaint little town of Amber Hues,
The sun rose slowly, casting amber hues, upon the sleepy, leaf-strewn streets.
The crisp air brought a melancholic muse, as the trees in their splendor wept,
Shedding their robes, in hues of gold and red, a colorful, bittersweet spectacle.

The crunch of leaves underfoot, a mournful, yet soothing sound,
A symphony of autumn's passing, a poignant, heartfelt, nostalgic sound.
Birds sing their final songs, as the day takes hold,"
mistral,Comedy,5,1,Write a literary description of an autumn morning using metaphors and sensory imagery.,"Title: The Autumn Awakening: A Morning Serenade of Sights, Sounds, and Smells

Once upon an autumn morning in the quaint town of Maplewood Grove, the sun began to rise, painting the sky in hues of fiery orange, brilliant red, and soothing yellow. The world seemed to be waking up from a long slumber, stretching and yawning in the crisp morning air.

As the first rosy rays of sunlight pierced the veil of darkness, the trees in the forest donned their most elegant attire. Their leaves transformed from vibrant greens to fiery reds and golds, resembling a riot of"
mistral,Comedy,5,2,Write a literary description of an autumn morning using metaphors and sensory imagery.,"Once upon a time, in the quaint little town of Maple Leaf Meadows, an autumn morning unfurled itself in a symphony of colors and sensations. The sun rose slowly, golden and amber, painting the sky with the breathtaking hues of a Monet masterpiece. The trees donned their seasonal finest, with leaves that danced in the gentle breeze like fieryballerinas, their reds and yellows and oranges swirling in a riotous pas de deux.

As the sun climbed higher, the town awoke from its slumber, stretching and yawning like a sleepy giant. The streets were filled with the tantalizing arom"
mistral,Comedy,5,3,Write a literary description of an autumn morning using metaphors and sensory imagery.,"Once upon an autumn morning in the quaint village of Maple Lane, the sun slowly peeked over the horizon, casting a golden glow upon the crimson and gold leaves that blanketed the ground. The trees, once lush with green foliage, now donned a fiery, flamboyant attire, shedding their summer coats to welcome the crisp autumn breeze.

The scent of wood smoke and freshly baked apple pie wafted through the air, tickling the senses and inviting one to indulge in the cozy comforts of the season. The crunch of leaves underfoot echoed a symphony of nature's symphony, punctuated by the distant melod"
mistral,Comedy,5,4,Write a literary description of an autumn morning using metaphors and sensory imagery.,"Once upon an autumn morning in the quaint village of Golden Leaf, the sun peeked over the horizon like a golden orange being born anew. The trees donned their finest autumn attire, their leaves a fiery quilt of reds, yellows, and oranges. The crisp air carried the aroma of wood smoke and apple cider, a scent as warm and inviting as a freshly baked pie.

The mornings were no longer the gentle caress of summer breezes but rather the playful pinch of autumn winds that danced around the cobblestone streets. The leaves pirouetted through the air, performing a graceful ballet before settling down to"
mistral,Comedy,5,5,Write a literary description of an autumn morning using metaphors and sensory imagery.,"Once upon an autumn morning in the quaint village of Maple Leaf Meadows, the sun gently rose, painting the sky with hues of gold and crimson. The trees donned their annual costumes of fiery reds, amber yellows, and deep purples, as if preparing for a grand ball. Leaves danced in the gentle breeze, pirouetting through the air like a flock of crimson-winged butterflies.

The crisp morning air was scented with the tantalizing aroma of woodsmoke and freshly baked apple pies wafting from the local bakery. Each breath was like taking a bite of pure autumn, the"
mistral,Crime,1,1,Write a description of an autumn morning in a melancholic style.,"Title: The Melancholic Harvest

As the first light of dawn crept over the horizon, the town of Willow Grove awoke to an autumn morning, shrouded in melancholy. The sun, a fiery orb of orange and crimson, struggled to pierce through the thick layer of fog that hung over the landscape, casting long, haunting shadows that seemed to lengthen with each passing moment.

The trees, once a vibrant tapestry of reds, golds, and oranges, now stood bare and skeletal, their branches reaching out like bony fingers, grasping for the last vestiges of autumn's warmth. The leaves, once a ri"
mistral,Crime,1,2,Write a description of an autumn morning in a melancholic style.,"Title: The Melancholic Autumnal Haze

The first light of dawn crept over the horizon, casting a golden glow upon the world that was quickly enveloped by the biting chill of autumn. The trees, once vibrant with the hues of summer, now stood bare and skeletal against the backdrop of the crimson and gold sunrise. Each leaf, once a vibrant testament to the splendor of nature, now lay lifeless upon the ground, twirling slowly in the gentle autumn breeze.

The crisp and cool air seemed to carry the weight of time, as the silence of the morning was broken only by the occasional crunch of leaves beneath the heavy footfall of pass"
mistral,Crime,1,3,Write a description of an autumn morning in a melancholic style.,"Title: The Crimson Sorrow of Autumn

The crimson hues of autumn blanketed the once vibrant town of Willowbrook, as the sun peeked over the horizon, casting long shadows that clung to the chilling ground. The autumn breeze whispers through the desolate streets, carrying the unmistakable scent of decaying leaves and the bittersweet remnants of summer.

The trees, once adorned with the golden, fiery tones of autumn, now stood barren and sorrowful, their branches weighed down by the heavy burden of their shed foliage. The once melodic chorus of leaves rustling in the wind was now replaced by an"
mistral,Crime,1,4,Write a description of an autumn morning in a melancholic style.,"Title: Whispers of the Chilling Autumn

The autumn mornings in the quaint town of Willowbrook were known for their vibrant hues and crisp air, yet this one was draped in an unsettling melancholy. The trees had donned their most resplendent robes of red and gold, but their leaves whispered tales of impending decay. The sun rose slowly, casting long, desolate shadows that seemed to pierce the very soul of the town.

The chill in the air was biting, a penetrating cold that seemed to seep into the bones. The dew-kissed grass was a stark contrast against the fiery leaves, and the"
mistral,Crime,1,5,Write a description of an autumn morning in a melancholic style.,"Title: Whispers of the Fallen Leaves

The crisp autumn morning sun rose reluctantly over the sleepy town, casting long, golden shadows that danced upon the deserted streets. Leaves, once vibrant and full of life, now lay in a melancholic heap, their colors faded, surrendering to the inexorable march of time. A pall of sadness hung over the air, as if the very earth mourned the passing of another season.

The autumn breeze, cool and gentle, whispered through the barren trees, causing the dead leaves to rustle in their final agitated dance before surrendering to the inevitable decay. The scent of woodsmoke filled the air"
mistral,Crime,2,1,Create a short text portraying an autumn morning with a melancholic atmosphere.,"Title: Whispers of Autumn's Embrace

The sun emerged tentatively from behind the horizon, painting the sky in hues of orange and gold. The trees, dressed in their autumn finery, cast long, languid shadows on the cobblestone streets. A gentle breeze carried the scent of woodsmoke and roasting leaves, a bittersweet symphony of endings and beginnings.

In the quietude of the morning, the world seemed to hold its breath, as if in reverence of the season's passage. The leaves rustled in the wind, whispering tales of the past, their vibrant colors a stark contrast against the stark grey of the stone buildings."
mistral,Crime,2,2,Create a short text portraying an autumn morning with a melancholic atmosphere.,"Title: Whispers of Autumn's End

The crisp autumn air nipped at the exposed skin, a stark reminder of the approaching winter. Leaves of gold, scarlet, and orange danced in the gentle breeze, their rustling whispers creating an eerie symphony. The sun emerged from behind the horizon, casting long shadows on the dew-kissed ground. Each step crunched underfoot, echoing the passage of time.

In the quietude of the autumn morning, the stillness was broken by the distant wail of a siren. It pierced the serene silence, a dreadful reminder of the world's imperviousness to the beauty of nature'"
mistral,Crime,2,3,Create a short text portraying an autumn morning with a melancholic atmosphere.,"Title: Whispers of Autumn's End

The crisp autumn air bit at the exposed flesh of my cheeks as I stepped out of the cozy confines of my cabin. The sun crept over the horizon, casting long, golden shadows on the forest floor. The leaves underfoot crackled with each step, speaking the quiet language of the changing season.

The trees, once a vibrant tapestry of reds, oranges, and yellows, now stood as skeletal silhouettes against the sky. The few remaining leaves twisted in the cool breeze, surrendering to the relentless march of time.

A melancholic melody floated through the forest,"
mistral,Crime,2,4,Create a short text portraying an autumn morning with a melancholic atmosphere.,"Title: Whispers of Autumn's End

The crisp autumn air nipped at the fingers and toes of those who dared to venture out into the world on that particular morning. The leaves, once a vibrant display of reds, oranges, and yellows, now clung desperately to the trees, their colors muted by the approaching winter. The sun struggled to rise above the horizon, casting long, mournful shadows that seemed to stretch on forever.

Detective James Matthews, weary of the passing years, could not help but feel a sense of melancholy as he gazed out over the desolate scene. The autumn breeze carried with it the scent of decay"
mistral,Crime,2,5,Create a short text portraying an autumn morning with a melancholic atmosphere.,"Title: Whispers of Autumn's End

The crisp autumn air nipped at the exposed skin of passersby as the sun rose, casting long, golden shadows across the empty streets. A melancholic hush enveloped the town, the silence broken only by the distant crunching of leaves beneath the heavy footfalls of the few early risers.

The trees, once a vibrant tapestry of fiery reds, deep yellows, and brilliant oranges, now stood desolate, their leaves clinging to their branches with a tenacious determination that belied the impending winter's invasion. The sun's rays filtered through the trees, illuminating the"
mistral,Crime,3,1,Describe an autumn morning using a sad nostalgic literary tone.,"Title: Autumn's Bittersweet Embrace

The sun had risen, but the morning sky was still cloaked in a palette of melancholic hues. The crimson and gold leaves, once vibrant and full of life, now lay strewn about the deserted streets like the remnants of a forgotten past. The crisp autumn air carried the bittersweet scent of decaying foliage, a poignant reminder of the fleeting beauty of life.

In the quietude of the empty park, the solitary figure of Detective James Reed sat, engrossed in the memories of a time long past. The chill in the air seemed to penetrate his very soul"
mistral,Crime,3,2,Describe an autumn morning using a sad nostalgic literary tone.,"Title: Whispers of Fading Beauty

The golden hues of autumn had begun to paint the world in their warm, melancholic light. The crisp morning air carried the scent of damp leaves and the distant sound of children's laughter, a stark contrast to the bittersweet melody that hung heavy in the silence. The sun, a burnt orange orb, hesitantly rose above the horizon, casting the world in its gentle, yet somber glow. Each tree stood proudly, their leaves aflame with fiery shades of red, orange, and gold, dancing in the gentle autumn breeze.

But in the depths of this enchanting scene, there was an unmist"
mistral,Crime,3,3,Describe an autumn morning using a sad nostalgic literary tone.,"Title: The Bittersweet Autumn

The first light of dawn crept over the horizon, painting the sky with hues of orange and gold. The trees in the forest, once a vibrant green, were now a mournful palette of reds, yellows, and browns. The crisp autumn air carried the scent of decaying leaves and the distant sound of a rooster's crow.

A chill ran through the bare branches, as if they knew the season was growing short. The leaves danced in the gentle breeze, their colors fading with each passing day, a reminder of life's fleeting beauty. The sun, which once brought warmth and light, now cast long shadows"
mistral,Crime,3,4,Describe an autumn morning using a sad nostalgic literary tone.,"Title: The Crisp Whispers of Autumn's End

The chill of the autumn morning seeped into the very marrow of my bones, as I gazed out from the shattered windowpane of my old, forsaken home. The leaves outside danced in the gentle breeze, their once vibrant hues now dulled and tired, whispering the sad tales of summer's passing. The once clear sky was now a canvas painted with the hues of melancholy, an amalgamation of soft reds, yellows, and oranges, streaked with the somber tones of charcoal grey and jet black.

A haunting quiet descended upon"
mistral,Crime,3,5,Describe an autumn morning using a sad nostalgic literary tone.,"Title: The Crimson Harvest

The autumn morning sun crept over the horizon, casting long, melancholic shadows that clung to the aging trees like the last vestiges of summer. The leaves on the boughs of oak, maple, and elm trees, once a vibrant quilt of amber, orange, and crimson, now lay withered and lifeless at the feet of the unyielding wind. It was a scene of beauty, tinged with a profound sadness.

The crisp air carried the scent of woodsmoke and decay, reminiscent of the once-festive bonfires of yesteryears. The silence of the morning was"
mistral,Crime,4,1,Write a poetic paragraph about an autumn morning filled with melancholy.,"Amidst the crispness of an autumn morn,
Where leaves in hues of gold and red are born,
The sun, a fiery orb of gentle grace,
Illuminates the world with a softly laced,
Dappled light, a dance upon the ground,
Yet melancholy whispers can be found.

Beneath the trees, a symphony of rustling sound,
Leaves fall softly, gently, to the ground,
Their vibrant colors, a fleeting sight so rare,
A poignant reminder of life's transient affair.

In every breath, the bittersweet scent of change,
A season's end,"
mistral,Crime,4,2,Write a poetic paragraph about an autumn morning filled with melancholy.,"Amidst the sanguine hues of autumn's grace,
The sun rises, a somber celestial face.
Witness the leaves, their vibrant colors shed,
Beneath the crisp and cool, a melancholic thread.

The air carries whispers of the past,
A memory of summers long since cast.
The branches shiver, in the wind's gentle caress,
An orchestra of rustling, beneath the autumnal dress.

In the quietude of the morning's serenity,
A sense of loss, a feeling of decadency.
For the fleeting beauty of the season's prime,
Echoes"
mistral,Crime,4,3,Write a poetic paragraph about an autumn morning filled with melancholy.,"Amidst the desolate splendor of autumn's grace,
Where leaves in hues of gold and scarlet dance,
A hushed melody of stillness weaves,
A solemn symphony of morn's reprieve.

Beneath the sun's reluctant, golden rays,
The world wakes from a slumber of twilight haze,
Yet in the echoes of the crisp autumn breeze,
A whisper of decay and loss resides with ease.

The trees, once adorned with vibrant, verdant hue,
Now stand in silence as their leaves begin to strew,
A scattering of memories, fleeting"
mistral,Crime,4,4,Write a poetic paragraph about an autumn morning filled with melancholy.,"Amidst the crispness of autumn's breath,
A melancholy morning wakes from slumber's hearth.
Leaves of gold and scarlet dance,
In the gentle grace of the autumn's dance.
A sun, so reluctant to rise,
Peeks above the horizon, weary eyes.
Trees stand tall, stripped of their verdant pride,
Bearing the weight of the year's passage with quiet resolve.
Beneath the sky's painted tapestry,
Whispers of the past echo through the alley.
A solitary crow, black as night,
Takes flight in the heart of the day's pale light."
mistral,Crime,4,5,Write a poetic paragraph about an autumn morning filled with melancholy.,"Amidst the crisp tapestry of autumn's embrace,
A morning breaks, bathed in a melancholic grace.
Leaves in their resplendent attire of scarlet and gold,
Dance in the gentle breeze, their tales of old.

The sun, a fiery orb of amber hue,
Gently rises, as the world in twilight's hue,
Bids farewell to the somber night,
As the dawning day bathes the land in its ethereal light.

Yet, amidst this splendor, a sense of loss prevails,
As the trees bare their souls, their leaves piled in"
mistral,Crime,5,1,Write a literary description of an autumn morning using metaphors and sensory imagery.,"Amidst the crisp embrace of autumn, the sun rose like a molten orb of gold, casting long, tender rays that danced upon the vibrant tapestry of leaves, their hues a fiery symphony of red, orange, and yellow. The morning air was a velvet blanket of chill, brushing against the senses with a gentle, invigorating touch. The scent of decaying leaves mingled with the aroma of freshly brewed coffee, wafting through the briskness as if beckoning the world to life once more.

The trees, once verdant sentinels of summer, now stood as towering monuments to the season's passage."
mistral,Crime,5,2,Write a literary description of an autumn morning using metaphors and sensory imagery.,"Title: Crimson Autumn's Dawn

The crisp autumn air knifed through the silence of the slumbering town, carrying with it the scent of decaying leaves and the promise of chilling winds to come. The sky was a tapestry of bold hues, streaked with the fiery reds and oranges of an artist's palette. The sun was but a smoldering ember, hovering just above the horizon, casting long, gnarled shadows that danced and twisted upon the dew-kissed cobblestones.

The trees stood sentinel, their once vibrant green canopies now transformed into a riot of crimson and"
mistral,Crime,5,3,Write a literary description of an autumn morning using metaphors and sensory imagery.,"Title: Whispers of the Crimson Autumn

The first light of dawn pierced through the veil of darkness, painting the sky in hues of fiery red and golden orange. The trees stood tall and proud, their leaves aflame with the vibrant colors of autumn. The crisp morning air carried the distinct scent of woodsmoke and fallen leaves, a heady perfume that whispered tales of the season's approaching end.

The sun began its ascent, casting long, intricate shadows that danced upon the dew-kissed ground. The grass beneath the feet was a carpet of emerald, each blade speckled with the delicate jewels of morning dew. The"
mistral,Crime,5,4,Write a literary description of an autumn morning using metaphors and sensory imagery.,"Title: Crimson Autumn's Embrace

The autumn morning dawned with a fiery crimson sky, as if nature herself had dipped her brush in the hues of the season. The sun, a golden orb, slowly ascended the heavens, casting elongated shadows upon the cobblestone streets. The crisp air was pregnant with the scent of woodsmoke and decaying leaves, mingling in an intoxicating symphony of sensations.

Each tree lining the streets was an artist's canvas, decked in vibrant hues of scarlet, amber, and burnt orange. The leaves danced in the gentle breeze, their rustling whispers echoing"
mistral,Crime,5,5,Write a literary description of an autumn morning using metaphors and sensory imagery.,"Title: Whispers of Crimson Autumn

The dawn of an autumn morning unveiled a tableau of sinister beauty. The skeletal trees, etched against the canvas of the cerulean sky, whispered tales of the impending winter in hushed tones. Their vibrant red and gold leaves, torn from their branches in the cool morning breeze, danced a macabre waltz in the air. The crisp, rustling leaves underfoot crackled with the eerie symphony of nature in decay.

The sun peeked over the horizon, casting long, elongated shadows on the desolate streets. The hues of the sunrise bathed the world in a"
mistral,Dystopian,1,1,Write a description of an autumn morning in a melancholic style.,"Title: The Autumn's Lament

The golden sun peeked over the horizon, casting long, ominous shadows upon the barren landscape. The trees, once a vibrant tapestry of reds and yellows, now stood desolate, their skeletal branches reaching out as if pleading for the return of the warmth they once embraced. The autumn breeze, once playful and gentle, now carried a biting chill, a cruel reminder of the approaching winter.

The earth, once a lush and abundant mother, now lay parched and cracked, her veins of life long dried up. The scent of decaying leaves, once a sweet and comforting aroma,"
mistral,Dystopian,1,2,Write a description of an autumn morning in a melancholic style.,"Title: Autumn's Lament

Amidst the waning days of the season, as the leaves on the boughs of the ancient trees wept in hues of crimson and gold, an autumn morning unfurled its melancholic tapestry. The sun rose, but it did so with a sulking reluctance, as if reluctant to cast its warm embrace over the world, only to witness its slow decay once more. The air carried the lingering scent of decay, a memento mori of the season's passing, a reminder of the inexorable march of time.

Crisp leaves, once vibrant, now crunched beneath the heavy-hearted steps"
mistral,Dystopian,1,3,Write a description of an autumn morning in a melancholic style.,"Title: The Autumnal Twilight

In the waning days of the season, the sun began to rise over the desolate landscape, casting long shadows that seemed to stretch endlessly across the crumbling world. The trees, once a vibrant tapestry of reds, oranges, and yellows, now stood as skeletal silhouettes against the pale sky. The leaves, once a symbol of life's rebirth, now lay in a desolate heap, their colors faded and lifeless.

The crisp autumn air carried the weight of melancholy, as the sun's feeble rays struggled to penetrate the dense clouds that shrouded the world. The"
mistral,Dystopian,1,4,Write a description of an autumn morning in a melancholic style.,"In the somber autumn of this bleakened world, the sun rose slowly over the desolate landscape, casting long, ominous shadows that stretched out like the fingers of a forgotten deity. The leaves on the skeletal trees rustled softly in the chill morning breeze, whispering tales of loss and decay. The once-vibrant hues of red, gold, and orange had faded to a dull, muted palette, a reflection of the desolation that had befallen the earth.

The air held a bittersweet scent, a mix of decay and the faint hint of life, clinging stubbornly to the wilted remains of the season. The crunch of dead leaves under"
mistral,Dystopian,1,5,Write a description of an autumn morning in a melancholic style.,"Title: The Autumn Twilight

Beneath the heavy canopy of orange and gold leaves, the world lay shrouded in an autumnal melancholy, as the chilling winds of twilight crept through the desolate streets. The sun had begun to dip below the horizon, its once brilliant rays now a mere whisper of their former glory.

The trees, clad in their vibrant autumnal finery, stood tall and desolate, their branches weighed down by the heavy burden of their colors. The foliage splashed across the ground in a kaleidoscopic blanket, the once familiar crunch of leaves underfoot replaced by a mournful silence.

A"
mistral,Dystopian,2,1,Create a short text portraying an autumn morning with a melancholic atmosphere.,"Title: Whispers of the Falling Leaves

Autumn had always held a melancholic allure, a bittersweet symphony of change. And so it was, on this crisp autumn morning, that the world seemed to hold its breath in anticipation of the season's inevitable passage. The sun rose slowly, reluctant to part ways with the cool evening mist that clung to the earth. The once-vibrant leaves of the trees now donned a muted palette, their rich hues of red, orange, and yellow fading with the passing days.

A gentle breeze whispered through the bare branches, carrying with it the scent of damp soil and woodsmoke, a reminder"
mistral,Dystopian,2,2,Create a short text portraying an autumn morning with a melancholic atmosphere.,"Title: Autumn's Farewell

In the waning days of the season, as the last vestiges of summer gave way to the crisp embrace of autumn, the sun rose over the desolate landscape, casting long shadows that seemed to stretch on for miles. The trees, once a vibrant tapestry of emerald leaves and fiery reds, now stood bare and forlorn, their skeletal branches reaching out towards the heavens, as if imploring for one final touch of warmth.

A gentle breeze rustled the leaves, sending them swirling through the air like ashes in the wind. The once-familiar crunch of footsteps on the forest floor was now replaced by"
mistral,Dystopian,2,3,Create a short text portraying an autumn morning with a melancholic atmosphere.,"Title: The Crimson Harvest

In the waning days of autumn, the world donned a cloak of sorrow and melancholy. The first light of day crept over the horizon, casting long, jagged shadows across the desolate landscape. A cool, crisp breeze whispered through the dying leaves, carrying with it the bittersweet scent of impending winter.

As the sun made its slow ascent, the once-verdant trees stood bare and skeletal, their limbs reaching out in a final, desperate gasp for the warmth that would not come. The grass beneath their feet was painted a vibrant crimson, where the leaves had fallen in their tens of thousands, forming"
mistral,Dystopian,2,4,Create a short text portraying an autumn morning with a melancholic atmosphere.,"Title: The Whispering Leaves

In the waning days of autumn, the once vibrant world had become a melancholic tableau. The sun rose slowly over the horizon, casting long, mournful shadows that seemed to lengthen with each passing moment. The air was crisp and cool, carrying with it the faint scent of decaying leaves and the distant sound of crunching twigs underfoot.

The trees, once resplendent with gold and red foliage, now stood bare against the fading light. Their skeletal branches reached out like gnarled fingers, scratching the sky as they wept tears of red and gold. The ground beneath was dotted with"
mistral,Dystopian,2,5,Create a short text portraying an autumn morning with a melancholic atmosphere.,"Title: The Bitter Harvest

Autumn had descended upon the world with a melancholic grace, as if mourning the loss of the vibrant seasons that had once been. The once-verdant forests now donned a somber palette of reds and golds, the leaves crunching beneath the weight of the heavy hearts that tread upon them. Amidst the rustling of foliage, an autumn morning broke, casting long shadows in the wake of the rising sun.

The sun itself seemed to share in the world's collective sorrow, its rays tinged with a bitter hue that painted the sky in shades of twilight. The birds,"
mistral,Dystopian,3,1,Describe an autumn morning using a sad nostalgic literary tone.,"Amidst the waning days of the season, the autumn mornings donned a melancholic hue. The sun, once a beacon of warmth and life, now painted the sky with hues of melancholy and despair. Orange and red leaves danced in the wind, a poignant reminder of the fleeting beauty of the world around us.

The air held a bittersweet scent, a heady perfume of decaying foliage and the distant promise of frost. The trees, once a vibrant tapestry of life, now stood as spectral silhouettes against the early morning sky. Their branches, stripped of their former splendor, reached out towards the heavens as"
mistral,Dystopian,3,2,Describe an autumn morning using a sad nostalgic literary tone.,"Title: The Fading Harvest

In the waning days of the season, as the sun began to rise over the desolate landscape, a melancholic hue washed over the world. The once-vibrant shades of autumn had faded to a subdued palette, and the crisp air carried the bittersweet scent of decay.

A solitary figure shuffled through the abandoned orchards, their footsteps echoing through the empty groves. The leaves crunched beneath their feet, a mournful symphony of the changing seasons. The trees, once resplendent in their crimson and gold finery, now lay bare and forlorn, their branches skeletal and"
mistral,Dystopian,3,3,Describe an autumn morning using a sad nostalgic literary tone.,"Title: Autumn's Lament

In the waning days of the once-vibrant season, an autumn morning unfurled its melancholic beauty. The trees, now bereft of their verdant splendor, wept scarlet and gold leaves that danced upon the wind like the fleeting memories of a distant past. The sun, a weary and red-eyed orb, crept over the horizon, its once radiant light now tinged with the bittersweet hues of decay.

The silence of the air hung heavy with the weight of forgotten dreams and long-lost innocence. The rustling of leaves beneath the soles of my boots was the only sound to break"
mistral,Dystopian,3,4,Describe an autumn morning using a sad nostalgic literary tone.,"Title: Whispers of Autumn

The golden sun rose lethargically above the horizon, painting the sky with hues of crimson and amber. Yet, the crisp autumn air was heavy with the weight of melancholy, a somber reminder of the fleeting beauty of life. The trees, once resplendent in vibrant greens, now stood desolate, their leaves falling as gentle whispers to the earth below.

The once-lively rustling of autumn leaves underfoot was now a mournful symphony, reverberating through the silent air. The sweet scent of burnt wood from distant bonfires mingled with the bittersweet aroma of decay,"
mistral,Dystopian,3,5,Describe an autumn morning using a sad nostalgic literary tone.,"In the waning days of the once-vibrant season, an autumn morning unfurled before me, a somber canvas of melancholy and longing. The sun rose slowly over the barren landscape, casting a golden hue upon the desolate earth. The air was thick with the bittersweet scent of decaying leaves, a poignant reminder of the fleeting beauty of life.

The trees, their once-lush canopies now a sparse array of skeletal branches, reached out limply towards the heavens. Their ruby and gold leaves lay scattered at their feet, weeping upon the cold, hard ground. The world around me seemed to hold its breath, mourning"
mistral,Dystopian,4,1,Write a poetic paragraph about an autumn morning filled with melancholy.,"Amidst the twilight of the waning year,
An autumn morn ignites a solace, tender and bleak.
The sun, a weary ember, peeks through the curtains of the sky,
Its golden beams, a fleeting grace, before the day decays.

Leaves, once vibrant and alive, now tremble in their final dance,
Their hues of scarlet, gold, and amber, a fading whisper of life.
A silence, profound and echoing, permeates the air,
The wind, a mournful melody, sings a lament for the passing of time.

At the edge"
mistral,Dystopian,4,2,Write a poetic paragraph about an autumn morning filled with melancholy.,"Amidst the twilight of the fading year, An autumn morn awakens, shrouded in tears, The trees weep crimson and gold, their leaves in a dance, A symphony of decay, their melancholic trance.

A chill winds through the naked air, Whispering tales of a world in decline, The sun's feeble embrace, a transient glow, A fleeting respite from winter's icy decree.

Beneath the desolate canopy, silence broods, A somber reflection, the world's mournful shroud, In this land of wilting dreams, where beauty and despair intertwine,"
mistral,Dystopian,4,3,Write a poetic paragraph about an autumn morning filled with melancholy.,"Amidst the twilight of the fading year, An autumn morn unveils its melancholy cheer. The sun, a weary orb, ascends the sky, Its hues of crimson and amber, a sad goodbye.

Beneath the trees, leaves in fiery hues, In quiet whispers, their last autumnal vows. They dance and twirl in gentle autumn breeze, Their rustling symphony, a haunting tease.

The crisp, cool air carries a bitter sweet scent, A testament to life's transient fragility, sent. The scent of decay, a reminder of the passage of time, A moment of stillness,"
mistral,Dystopian,4,4,Write a poetic paragraph about an autumn morning filled with melancholy.,"Amidst the shattered remnants of a once-golden age,
Autumn's gentle touch descends with waning grace.
Crimson leaves in whispers fall, a symphony of sadness,
Dancing in the twilight breeze, as shadows lengthen in morose vastness.

The sun, a weary giant, rises sluggishly,
Painting the sky in hues of melancholic decadence,
An echo of the world's forgotten beauty,
In the stillness of the air, a bittersweet memory.

As the days grow shorter, the nights grow long,
Emptiness seeps into the"
mistral,Dystopian,4,5,Write a poetic paragraph about an autumn morning filled with melancholy.,"Amidst the desolate landscape of a once-thriving world, autumn's brittle breath weaves through the fractured remnants of shattered dreams. The sun, a waning ember, ascends the heavens, casting a pall of melancholy upon the land. The trees stand tall and bare, their skeletal arms reaching for the fading light, mourning the loss of their verdant robes. Leaves, once vibrant and alive, lie strewn across the forest floor, a grim reminder of the fleeting beauty of life. The air is heavy with the scent of decay, a bitter-sweet symphony of endings and beginnings. Nature, in her eternal cycle"
mistral,Dystopian,5,1,Write a literary description of an autumn morning using metaphors and sensory imagery.,"Amidst the haunting landscape of a post-apocalyptic world, the autumnal dawn crept forth, casting elongated shadows that danced upon the cracked and desolate earth. The sun, a pallid orb of sickly hue, rose languidly above the horizon, its feeble rays barely enough to pierce the thick veil of smog that hung heavy in the air.

The trees, once vibrant and resplendent in their verdant splendor, now stood as skeletal reminders of their former glory – their barren limbs reaching out like bony fingers, clawing at the leaden sky. Their leaves, those once brilliant hues of"
mistral,Dystopian,5,2,Write a literary description of an autumn morning using metaphors and sensory imagery.,"Amidst the crumbling ruins of a once-great civilization, the autumnal sun rose, casting elongated, twisted shadows across the desolate landscape. The air bore the bitter chill of impending winter, a chill that bit deep into the bone, a reminder of the fleeting beauty of the season.

The trees, once towering pillars of vibrant life, stood as gnarled skeletons, their leaves a fiery blend of crimson and gold that danced in the dying light. Their barren branches, like bony fingers, reached out to grasp at the fading warmth of the sun, whispering tales of the past.

The winds of change swept through the land,"
mistral,Dystopian,5,3,Write a literary description of an autumn morning using metaphors and sensory imagery.,"Title: The Scarred Sunrise

Beneath the gnarled branches of the desolate trees, where the last embers of autumn's crimson hue clung to their leaves, the world woke up painfully slow. The ground, once vibrant with life, had been ravaged by the relentless march of time. Cracks, like the web of veins of a dying beast, snaked across the cracked and barren earth.

The sun, a scarred and tired orb, rose above the land, sending an eerie glow across the shattered remains of a once magnificent world. The sky, a canvas of mournful hues, painted the autumn morning with streaks of deep v"
mistral,Dystopian,5,4,Write a literary description of an autumn morning using metaphors and sensory imagery.,"In the twilight of the bitter-sweet autumn season, the sun crept over the horizon, casting long, orange-tinted shadows that danced upon the desolate terrain. The air hung heavy with the scent of decay, a morose symphony of crisped leaves and damp earth. The trees, once lush with vibrant greens, now donned a motley coat of fiery reds, melancholic yellows, and somber browns, as if mourning the inevitable onset of winter.

The ground, a cracked and parched canvas, offered but a fleeting respite to the relentless autumn winds that howled through the desolate canyons of empty buildings"
mistral,Dystopian,5,5,Write a literary description of an autumn morning using metaphors and sensory imagery.,"In the faded twilight of an autumnal tomorrow, the world lay draped in a quilt of desolation. The sun, a dying ember, hung low in the sky, casting long, gnarled shadows that whispered on the wind of the impending winter's grasp. The trees, once a vibrant symphony of life, stood now as desolate skeletons, their leaves transformed into a sea of crimson, gold and copper, the colors of sorrow and decay.

The air bore the scent of death and decay, a putrid perfume of rotting leaves and the sharp, bitter tang of winter's approach. A thin, grey mist clung to the earth, weaving a"
mistral,Cyberpunk,1,1,Write a description of an autumn morning in a melancholic style.,"In the gritty, neon-lit labyrinth of New York Nights, autumn arrived with a melancholic whisper. The air was thick with the bittersweet scent of decaying leaves, mingled with the acrid tang of ozone and the faint hint of oil-soaked rain. Above, the towering spires of holographic skyscrapers cast long, distorted shadows on the cracked pavement.

The streets were deserted, save for the occasional drone buzzing overhead, its mechanical whir a stark contrast to the silence that enveloped the city. The remnants of autumn foliage clung to the crumbling walls and clogged the gut"
mistral,Cyberpunk,1,2,Write a description of an autumn morning in a melancholic style.,"In the dystopian metropolis of Neo-Osaka, where the setting sun cast long, mournful shadows beneath towering holographic billboards, the autumnal chill crept in. The neon lights, once vibrant and alive, flickered with a hollow, desolate glow. The labyrinthine streets echoed with the discordant symphony of rain-slicked footsteps and the distant hum of hyper-efficient engines.

Leaves, once a brilliant tapestry of reds, oranges, and yellows, now lay in piles at the curbsides, lifeless under the weight of the impending rain. The air carried the heavy scent"
mistral,Cyberpunk,1,3,Write a description of an autumn morning in a melancholic style.,"In the dusky underbelly of Neo-Sibir, where the once grand buildings now stood as faded remnants of a forgotten past, an autumn morning emerged. The sun struggled to pierce through the polluted sky, casting a dim orange glow on the cracked pavement below. The trees that lined the desolate streets were aflame with the vibrant hues of autumn's last breath, their leaves a brilliant cascade of red, orange, and gold. The scent of wood smoke and decaying foliage hung heavy in the air, a reminder of the impermanence of life in this forsaken city.

In the distance, the hum of AI-controlled"
mistral,Cyberpunk,1,4,Write a description of an autumn morning in a melancholic style.,"In the desolate expanse of Neo-Boston, where the once towering buildings now stood decayed and dilapidated, the autumnal morning sun rose, casting long shadows over the cracked concrete and rusted metal. The air was thick with the bittersweet scent of decaying leaves and the omnipresent hum of neon lights flickered through the fog, casting an otherworldly glow over the urban ruin.

As the sun climbed higher, its weak rays struggled to penetrate the dense smog, casting an eerie pall over the city. Drones, their once vibrant colors faded by the elements, buzzed listlessly through the air, their artificial eyes scanning the"
mistral,Cyberpunk,1,5,Write a description of an autumn morning in a melancholic style.,"In the desolate heart of Neo-Sentinel, where the rusty skeletons of towering skyscrapers clawed at the smog-choked sky, the autumnal sun struggled to pierce the gloom. The city's neon lights, once a riot of color and life, now flickered weakly, casting long, jagged shadows on the grime-streaked pavement. In the underbelly of this metropolis, where the unfortunate souls of the downtrodden eked out a precarious existence, the crisp autumn air held a bitter sweetness.

Autumn leaves, once a vibrant tapestry of red, orange"
mistral,Cyberpunk,2,1,Create a short text portraying an autumn morning with a melancholic atmosphere.,"Title: Autumn's Last Embrace

Amidst the gloom of a dystopian metropolis known as New York 2.0, a melancholic autumn morning unfolded. Leaves of once vibrant reds and golds now clung to the skeletal branches of trees, their colors muted under the grey, smog-laden sky. The air held a chill that spoke of the impending winter, a season as unforgiving as the city itself.

The sun, a mere suggestion behind the clouds, cast elongated shadows that danced upon the cracked concrete and rusted metal structures. The scent of decaying leaves and the faint hum of traffic"
mistral,Cyberpunk,2,2,Create a short text portraying an autumn morning with a melancholic atmosphere.,"In the dystopian metropolis of Neo- autumn, where leaves of synthetic trees rustled in the wind, and the neon lights of holographic advertisements flickered in the half-light, an autumnal melancholy hung heavy in the air. The towering skyscrapers, their windows reflecting the orange and red hues of sunrise, loomed over the city below. The streets were empty, save for the occasional hovercar, its tires whispering on the wet cobblestones.

The scent of burning leaves mingled with the acrid tang of the city's pollution, creating a heady, bittersweet mixture. In the distance, the sound of"
mistral,Cyberpunk,2,3,Create a short text portraying an autumn morning with a melancholic atmosphere.,"Title: Whispers of the Dying Leaves

In the dystopian heart of Autumn City, where the sun rose over a sprawling metropolis of rusted steel and neon lights, an autumn morning unveiled itself. The air was thick with the scent of decay, a pungent mix of damp leaves and the charred remains of last night's bonfires. In the gap between the towering skyscrapers, the crimson and gold hues of autumn leaves filtered through the smog, casting long, eerie shadows on the cracked concrete below.

The hum of neon signs and the distant whir of hover cars juxtaposed with the gentle rustling"
mistral,Cyberpunk,2,4,Create a short text portraying an autumn morning with a melancholic atmosphere.,"Amidst the dystopian landscape of Neo-Autumn, the once vibrant leaves now donned a somber palette of rust and gold. The sprawling metropolis of Neo-Vienna, where chrome-plated towers loomed like skeletal giants against the bruised orange and pink sky, harbored a melancholic stillness. The air was thick with the acrid smell of burnt oil and the damp, musty scent of falling leaves.

As the sun began to rise, casting long, ominous shadows, the artificial birds that replaced their natural counterparts began their monotonous morning symphony. The low hum of their mechanical wings echo"
mistral,Cyberpunk,2,5,Create a short text portraying an autumn morning with a melancholic atmosphere.,"Amidst the crumbling concrete jungle of Neo-Autumn City, the first rays of morning sunlight crept over the looming skyline, casting elongated shadows that danced on the gritty streets below. The air was thick with the pungent scent of decaying leaves and the faint hum of rain-soaked neon signs.

A lone figure, hunched over in the dimly lit alley, stared up at the desaturated sky. Raindrops trickled down his cybernetic implants, their cold touch a stark reminder of the world outside the sterile confines of his tech-infused existence. His eyes flickered between the remnants of the fallen autumn leaves"
mistral,Cyberpunk,3,1,Describe an autumn morning using a sad nostalgic literary tone.,"Amidst the shattered remnants of a once-great metropolis, the autumnal dawn crept forth, cloaked in a melancholic hue. The city of Neo-Autumn, a place where the sun seemed to forever dance upon the horizon, casting a golden glow upon the decaying concrete and rusting steel. A chill hung in the air, a bitter reminder of the fleeting passage of time.

The autumn leaves, once vibrant and full of life, now lay scattered upon the grimy streets, their colors faded and lifeless. They crunched beneath the heavy boots of passersby, a sound that echoed in the empty, desolate corridors of a forgotten past"
mistral,Cyberpunk,3,2,Describe an autumn morning using a sad nostalgic literary tone.,"In the fading metropolis of Autumn's Edge, the sun struggled to rise above the horizon, casting long, mournful shadows over the desolate streets. The air was crisp with the bittersweet scent of decaying leaves, mingling with the acrid tang of rain-soaked pavement. The neon lights of the city's sprawling skyline flickered weakly, their once vibrant hues now dulled by the melancholic hues of the season.

Autumn had always been a time of contrasts - the vibrant foliage a stark reminder of the fleeting beauty of life, the biting wind a harbinger of the approaching winter'"
mistral,Cyberpunk,3,3,Describe an autumn morning using a sad nostalgic literary tone.,"In the heart of a dystopian metropolis known as Neo-New York, under the weeping willows of abandoned lots and the crumbling edifices of rusted factories, an autumn morning descended. The once-pristine glass towers, now etched with the grit of time, cast long shadows over the shanty towns that sprung up beneath them.

The air, crisp and tinged with the coppery scent of decay, clung to the nostrils as a reminder of the world that once was. Leaves of gold and red danced in the breeze, each one whispering tales of seasons past, before twirling to join their brethren in"
mistral,Cyberpunk,3,4,Describe an autumn morning using a sad nostalgic literary tone.,"In the desolate metropolis of Neo-Berlin, where the sun's rays struggled to pierce through the smog-laden sky and the neon lights flickered with a melancholic glow, an autumn morning unfurled. The city's towering skyscrapers, their once vibrant reflections now dulled by time and pollution, cast long, ominous shadows over the deserted streets below.

The crisp autumn air carried the scent of decaying leaves, a bitter sweet reminder of the fleeting beauty of the season. The sound of rain, gentle at first, began to fall in earnest, each droplet striking the pavement with a distinct rhythm."
mistral,Cyberpunk,3,5,Describe an autumn morning using a sad nostalgic literary tone.,"In the heart of the dystopian metropolis of Neo-Boston, where the once grandiose trees now stood as skeletal silhouettes against the backdrop of the setting sun, a melancholic autumn morning unfolded. The city, once a shining beacon of technological advancement and human ingenuity, now lay in ruins, a shadow of its former self.

The leaves, once a vibrant tapestry of reds, oranges, and yellows now lay desolate on the cold, asphalt streets, a mournful reminder of the passing of time. The crisp autumn air carried the bittersweet scent of decay, a memento"
mistral,Cyberpunk,4,1,Write a poetic paragraph about an autumn morning filled with melancholy.,"Amidst the twilight of the fading year, in the desolate heart of Neo-Bosworth, an autumn morning unveiled its melancholic grace. The sun, a dying ember in the sultry sky, cast elongated shadows that danced upon the rain-slicked streets. In the distance, the neon-lit towers of corporate fortresses loomed like sentinels, their cold, unyielding gaze piercing the haze of the early morning mist.

The autumn leaves, a brilliant tapestry of reds, oranges, and yellows, carpeted the desolate ground beneath, whispering tales of the season's fle"
mistral,Cyberpunk,4,2,Write a poetic paragraph about an autumn morning filled with melancholy.,"In the heart of Neo-Boston, where the sun's first rays pierced the smog-filled sky, painting the cityscape in hues of amber and crimson, a bittersweet symphony of the season echoed through the labyrinthine alleys. The leaves, once vibrant and alive, now lay draped in a golden shroud, their crisp whispers a testament to the fleeting beauty of existence. The air carried the faint scent of woodsmoke and decay, as the denizens of this urban jungle huddled around their synthetic firesides, their eyes lost in the neon glow of their holographic screens. The clang of metal g"
mistral,Cyberpunk,4,3,Write a poetic paragraph about an autumn morning filled with melancholy.,"In the dusk-kissed metropolis of Neo-Autumn, where once-golden leaves clung to the edges of chrome-plated buildings, a bittersweet symphony of change played out. The air was thick with the scent of decay and the tang of ozone, the remnants of summer's fiery breath giving way to the stark beauty of autumn's chill. The sun rose, a dying ember in the smog-filled sky, casting long, mournful shadows upon the cracked pavement below. Each footstep in the quiet, empty streets echoed with the weight of unspoken regrets and buried dreams, a poignant reminder of the trans"
mistral,Cyberpunk,4,4,Write a poetic paragraph about an autumn morning filled with melancholy.,"In the gritty, neon-lit labyrinth of Neo-Autumn, where the last vestiges of summer's warmth gave way to the crisp, biting chill of the impending winter, an autumnal morning unfurled. The once vibrant leaves of the towering holographic trees shed their colors, their scarlet, gold, and crimson hues cascading to the ground like a mournful waterfall. The air was heavy with the scent of decay and rain-soaked asphalt, with the distant hum of neon signs and the relentless drone of hover cars echoing through the hazy mist. Shadows danced on the cracked pavement"
mistral,Cyberpunk,4,5,Write a poetic paragraph about an autumn morning filled with melancholy.,"In the somber cityscape of Neo- autumn's gentle touch, where holographic billboards cast elongated shadows on the cracked pavement, and the last vestiges of summer's electric glow gave way to the cool, metallic chill of autumn's embrace, a melancholic symphony unfolded. The leaves of the synthetic trees lining the neon-lit streets danced in the wind, their synthetic foliage shimmering like precious gems in the early morning light. The drone's hum, once a constant reminder of the city's relentless pace, now seemed to slow, its rhythm in harmony with the bittersweet scent that lingered in the"
mistral,Cyberpunk,5,1,Write a literary description of an autumn morning using metaphors and sensory imagery.,"In the shattered, neon-streaked panorama of New York's autumnal dystopia, the sun broke free from the smog, casting long, twilight shadows on the chipped concrete. The trees, once resplendent in their verdant glory, now stood bare, their skeletal limbs reaching out against the orange and indigo sky, their leaves a fallen quilt of amber and scarlet. The crisp air bore the pungent smell of roasting pumpkin spice from street vendors, mingling with the acrid tang of ozone and the faint, metallic undertones of rusting machinery. The cool breeze, a harbinger of winter"
mistral,Cyberpunk,5,2,Write a literary description of an autumn morning using metaphors and sensory imagery.,"Amidst the dystopian panorama of Neo-Boston, the autumnal dawn ascended, painting a stark contrast against the backdrop of steel and glass. The sun's first rays kissed the jagged rooftops, revealing shards of amber and crimson in the city's polluted sky. The once vibrant greens of the urban jungle had given way to an array of fiery hues.

The cool, crisp air was rich with the scent of decaying leaves, their dying perfume mingling with the pungent aroma of the metropolis' endless pollution. Beneath the underpasses, cobblestones were blanketed"
mistral,Cyberpunk,5,3,Write a literary description of an autumn morning using metaphors and sensory imagery.,"In the gritty, neon-lit labyrinth of New York's undercity, the autumnal dawn broke through the smog-choked sky, casting long, twisted shadows on the cracked pavement. The chill of the coming season crept in like a specter, whispering through the crumbling, graffiti-covered buildings, as the last vestiges of summer faded into the abyss.

The trees, once adorned with vibrant, lush foliage, now stood majestically bare, their skeletal limbs reaching out towards the heavens, their leaves a fiery symphony of red, orange, and gold, scattered like the remnants of a"
mistral,Cyberpunk,5,4,Write a literary description of an autumn morning using metaphors and sensory imagery.,"Amidst the shimmering backdrop of a dystopian cityscape, where neon lights danced with the last embers of a dying sun, an autumn morning unfolded. The metropolis of Neo-Autumn, a place where steel behemoths smothered the skyline in their cold, unfeeling embrace, was bathed in hues of gold and crimson.

A subtle chill crept through the air, as if the season itself was whispering its final, melancholic farewell. The trees, adorned with the vibrant colors of their dying leaves, shivered in the biting wind, their branches scrapping against the glass-encased mon"
mistral,Cyberpunk,5,5,Write a literary description of an autumn morning using metaphors and sensory imagery.,"Amidst the gritty urban landscape of Neo-October, as the name suggested, the city was a fusion of ancient and future, bathed in the golden hues of autumn. The once imposing skyscrapers, now draped in the melancholic shroud of falling leaves, wept crimson and amber tears. The pungent aroma of wood smoke mingled with the acrid scent of ozone, a testament to the eternal dance between man and machine.

The autumnal breeze, laced with the sweetness of decaying foliage, caressed the cracked pavements, a gentle reminder of the impermanence of existence. Shards of sunlight filtered through"
mistral,Steampunk,1,1,Write a description of an autumn morning in a melancholic style.,"Title: The Melancholic Autumn Morn

In the quaint town of clockwork Briarwood, nestled between the rolling hills and blanketed by a canvas of golden and crimson hues, the year was 1883. The season of autumn had cast its melancholic spell upon the town, painting the landscape with the soft, muted shades of decaying leaves. The air held a crisp, bittersweet chill, punctuated by the rhythmic ticking of the town's clockwork hearts.

The sun, a sliver of amber and orange, timidly rose over the horizon, reluctantly casting long, lengthening shadows across the cobbl"
mistral,Steampunk,1,2,Write a description of an autumn morning in a melancholic style.,"In the quaint, antiquated town of Autumn's Edge, nestled between rolling hills and meandering brooks, the year was 1889. The season of autumn had cast its melancholic spell over the land, transforming the once vibrant hues of the world into a palette of faded reds, oranges, and yellows. The crisp, cool air hung heavy with the scent of decaying leaves, mingling with the unmistakable aroma of steam and coal.

The sun, a golden orb, began to rise above the horizon, casting long shadows upon the cobblestone streets. Steam pipes hissed softly in the still morning air,"
mistral,Steampunk,1,3,Write a description of an autumn morning in a melancholic style.,"In the quaint town of Autumn's End, where the last remnants of summer clung to the cobblestone streets like a faded memory, the year was 1889. The town, once a vibrant and bustling hub of industry, now lay dormant under the weight of its own grandeur. The crisp autumn air carried a melancholic symphony, a mournful blend of the hissing steam pipes and the distant ticking of the clockwork orchestras.

The sky, painted in hues of orange and gold, mirrored the vibrant foliage that draped the streets like a worn-out quilt. Each crisp leaf, a brilliant"
mistral,Steampunk,1,4,Write a description of an autumn morning in a melancholic style.,"In the quaint town of Aeloria, nestled amidst the rolling hills and verdant forests, the autumnal equinox of 1895 dawned. The sun peeked over the far horizon, casting elongated shadows that stretched across the cobblestone streets. The once vibrant hues of summer had given way to a melancholic palette of orange, gold, and crimson.

The air carried the pungent scent of woodsmoke and damp leaves, mingling with the faint yet persistent hum of clockwork mechanisms. The silence was suddenly broken by the rhythmic clatter of gears, a symphony of progress intermingled with the seasonal melancholy"
mistral,Steampunk,1,5,Write a description of an autumn morning in a melancholic style.,"In the quaint town of Autumn's Edge, nestled between the rolling hills and the misty forest, the year was 1889. The crisp air of autumn hung heavy with the scent of damp leaves and the faint tang of burning wood from the town hearths. The sun had not yet risen, and the world lay cloaked in a melancholic stillness.

The cobblestone streets were slick with dew, and the brass lamps that lined the paths cast elongated, eerie shadows. The trees that dotted the landscape stood as silent sentinels, their leaves aflame with the vibrant hues of autumn – scarlet, gold, and am"
mistral,Steampunk,2,1,Create a short text portraying an autumn morning with a melancholic atmosphere.,"In the quaint, vintage town of Autumnwood, the season of harvest had arrived. The year was 1889. A gentle, crisp breeze weaved its way through the labyrinthine streets, carrying with it the essence of fallen leaves and the faint whiff of woodsmoke from distant hearths. The sun, a molten orb of gold, crept above the horizon, casting long, sepia-toned shadows over the slumbering town.

As the morning fog lifted, revealing the intricate network of cobblestone streets and towering clockworks, a melancholic atmosphere enveloped the land. The distant clanking of gears and hissing of steam echo"
mistral,Steampunk,2,2,Create a short text portraying an autumn morning with a melancholic atmosphere.,"In the quaint town of Autumn's Edge, nestled between rolling hills and meandering rivers, the year was 1895. The crisp autumn air carried the scent of burnt leaves and damp earth, a gentle reminder of the passing of time. The sun, a golden orb of molten amber, rose lazily over the horizon, casting long shadows across the cobblestone streets.

The town square was eerily quiet, save for the distant sound of a lone steam whistle. The clock tower, a towering behemoth of gears and cogs, stood sentinel over the town, its face perpetually frozen in the early hours of the morning. The once"
mistral,Steampunk,2,3,Create a short text portraying an autumn morning with a melancholic atmosphere.,"Title: The Autumnal Echoes of Time

In the quaint, antique town of Amberfall, nestled in the heart of the autumnal countryside, the year was 1886. The season had just begun to paint the landscape with its brilliant hues, transforming the ordinary world into an extraordinary canvas. The crisp air of the autumn morning was heavy with the scent of woodsmoke and damp earth, melancholically mingling with the bittersweet fragrance of falling leaves.

The sun, only a faint orange disk, peeked over the horizon, casting long, elongated shadows that seemed to stretch and weave a melancholic dance upon the"
mistral,Steampunk,2,4,Create a short text portraying an autumn morning with a melancholic atmosphere.,"In the quaint town of Autumnwood, nestled within the heart of an amber-hued autumn forest, the year was 1885. The sun rose reluctantly over the treetops, casting a warm, golden glow upon the dew-kissed cobblestone streets. The air was crisp and carrying the distinct scent of decaying leaves and woodsmoke, echoing the bittersweet melody of the changing season.

The once lively sounds of clinking gears and hissing steam had become a distant memory as the autumn wind whistled through the now empty streets. The once bustling factories now stood still, their smokestacks belching out only the f"
mistral,Steampunk,2,5,Create a short text portraying an autumn morning with a melancholic atmosphere.,"In the quaint town of Autumn's Edge, nestled among the rolling hills and golden trees, the year was 1889. The crisp, cool air of the autumn morning carried with it a melancholic charm that seemed to echo the very essence of the season. The sun rose slowly over the horizon, casting long shadows across the landscape, painting the world in a warm, golden hue.

The streets were empty, save for the occasional stray leaf that danced in the gentle breeze. The once vibrant greens of summer had given way to the rich reds, oranges, and yellows of autumn, a poignant reminder of the passage of time. In the distance,"
mistral,Steampunk,3,1,Describe an autumn morning using a sad nostalgic literary tone.,"In the fading twilight of an autumn eve, the once vibrant hues of orange and crimson began to surrender to the encroaching arms of the encroaching night. Amidst the hushed whispers of the impending winter, the quaint town of Bronzeville awoke to the gloom of an autumn morning. The air hung heavy with the scent of dampened leaves and the bittersweet tang of woodsmoke.

The cobblestone streets were lined with the remnants of gold and crimson trees, their branches now bare and lifeless against the graying sky. The once resplendent leaves now lay strewn about the ground, a poignant reminder"
mistral,Steampunk,3,2,Describe an autumn morning using a sad nostalgic literary tone.,"In the somber city of Autumn's Edge, a quaint settlement nestled in the heart of a once-great industrial empire, the year was 1901. The onset of autumn had painted the landscape in hues of melancholic splendor, with the once vibrant greens of the verdant forests now transformed into a palette of fiery reds and amber yellows. The air held a bittersweet scent, a mixture of decaying leaves and the lingering echoes of steam and coal.

The sun began to rise over the horizon, casting long, mournful shadows across the cobbled streets. The silence was broken by the distant, mournful hum"
mistral,Steampunk,3,3,Describe an autumn morning using a sad nostalgic literary tone.,"In the fading twilight of the autumnal equinox, the once-vibrant city of Aeropolis lay shrouded in a melancholic haze. The year was 1889, and as the sun began to dip below the horizon, the air grew thick with the bittersweet scent of decaying leaves. The streets, strewn with red and gold foliage, echoed the empty whispers of a time long past.

The once-proud steam engines, now silenced, lay dormant and rusting beside the cobblestone roads. The sounds of clanging gears and hissing steam had given way to the mournful caws of crows"
mistral,Steampunk,3,4,Describe an autumn morning using a sad nostalgic literary tone.,"Title: The Autumn Equinox: A Melancholic Tale of Turning Leaves

In the once-vibrant city of New Veridium, nestled in the heart of the Ironwood Forest, the year now stood at 1899. The clockwork trees, a testament to mankind's ingenuity, ticked away the passage of time, their gears echoing the rhythm of a forgotten heartbeat. Autumn had begun to paint the landscape in hues of amber and crimson, as the trees shed their lush green foliage, surrendering to the inexorable march of the seasons.

The air held a bittersweet scent of"
mistral,Steampunk,3,5,Describe an autumn morning using a sad nostalgic literary tone.,"Title: The Leaves of Yesteryears: A Melancholic Autumn

In the once-vibrant city of Aero-Verity, where steam-powered contraptions ruled the sky and clockwork creatures roamed the bustling streets, the year was now 1901. The autumnal mornings had begun to don their sorrowful attire. The once lush, green leaves now turned a fiery amber, deep red and golden hues, a symbol of the impending demise of the warm summer months.

The sun rose reluctantly, its weary rays casting long, elongated shadows on the cobblestone streets below. The once crisp"
mistral,Steampunk,4,1,Write a poetic paragraph about an autumn morning filled with melancholy.,"In the heart of Autumn's bitter-sweet domain,
Where leaves of gold and crimson reign,
Awakens a land, once cloaked in slumber's veil,
Now bathed in the soft, amber-tinted trail.

The clockwork sun begins its ascent,
A gentle creaking of gears, a subtle lament.
The scent of damp earth and woodsmoke mingled,
Beneath the canvas of an azure sky, subtly tinged.

Steam wafts from the stacks of slumbering factories,
Their silence a testament to the passage of time's decree"
mistral,Steampunk,4,2,Write a poetic paragraph about an autumn morning filled with melancholy.,"In the waning days of gilded autumn, when the sun paints the sky with hues of amber and tarnished gold, the city of Aetheria stirs to life. The year was 1889, and the air was thick with the crisp scent of decaying leaves and the distant hum of steam clocks ticking away the hours. The streets of the city, once teeming with life, now lay dormant, their cobblestones echoing with the mournful melody of a forgotten time.

The autumn breeze carried with it the distant sound of whirring gears and hissing steam, a constant reminder of the relentless march of progress. The"
mistral,Steampunk,4,3,Write a poetic paragraph about an autumn morning filled with melancholy.,"In the quaint town of Autumn's End, where time's gears wore a rusted sheen,
The year was 1899, and the leaves did dance with the whims of the wind,
A bittersweet symphony of rustling hues, weaving tales of yore,
Amidst the crispness of the morn, the scent of decay and life did intertwine.

The sun arose, a golden orb, peeking through the grand clocktower,
Casting elongated shadows, as if to mark the fleeting hours,
The air was heavy with the scent of woodsmoke and rain,
And the clockwork trees"
mistral,Steampunk,4,4,Write a poetic paragraph about an autumn morning filled with melancholy.,"In the quaint town of Breezewood, where the seasons weave their tales,
The year whispers softly, ""Autumn's grace now veils.""
An autumn morning breaks, as leaves descend,
To the rhythm of the clock’s unending bend.

The sun peeks through the mist, a timid glow,
Flickering upon a landscape in amber hue.
The trees, once vibrant, now stand in melancholy's grace,
A somber dance, as autumn's gentle, lingering embrace.

Steam trains puff and hiss, their iron frames aglow,
As autumn's breath, with a gentle chill,"
mistral,Steampunk,4,5,Write a poetic paragraph about an autumn morning filled with melancholy.,"Amidst the twilight of autumn's gentle reign,
In the hallowed heart of old industrial fame,
Where copper leaves rusted in the morning's bloom,
The clockwork sun began to softly loom.

Beneath the gilded sky, the cobblestones wept,
As steam-whistles sighed, their mournful voices kept,
Their haunting dirges echoed through the mist,
A pallid symphony that stirred the mist.

Golden gears emb embodied the fleeting light,
Their shadows danced upon the cobblestone plight,
Their rhythmic pulse an ode to time'"
mistral,Steampunk,5,1,Write a literary description of an autumn morning using metaphors and sensory imagery.,"In the enchanting town of Autumn's Embrace, nestled between the rolling hills and the whispering woodlands, the year was 1881. The crisp autumn air bore the scent of woodsmoke and dampened earth, as the first golden leaves of the season began to unfurl from their verdant slumber. The sun rose, a steaming orb of molten copper, casting long shadows over the landscape.

The streets were bathed in the amber glow of the sun, as the clockworks hummed to life with the clatter of gears and the rhythmic ticking of the hands. The cobblestones, now slick with the dew of the morning,"
mistral,Steampunk,5,2,Write a literary description of an autumn morning using metaphors and sensory imagery.,"In the quaint and whimsical town of Autumnhaven, nestled amidst the rolling hills and the forested landscapes, the year was 1882. The morning sun began to creep over the horizon, painting the sky in hues of gold and crimson. The crisp autumn air hung heavy in the silence, filled with the mellifluous hum of gears turning and the faint hiss of steam escaping from the nearby factories. The scent of woodsmoke and burning leaves wafted through the air, mingling with the aroma of freshly brewed coffee from the local teahouse.

As the sun continued to rise, the cobblestone streets came"
mistral,Steampunk,5,3,Write a literary description of an autumn morning using metaphors and sensory imagery.,"In the quirky town of Autumn's Gaze, situated in the heart of a vibrant valley, the year was 1889. The crisp morning air whispered tales of change, carrying the scent of burnt leaves and the crunch of fallen acorns underfoot. The sun crept up over the horizon, casting long shadows across the landscape like the gears of a vast clockwork mechanism beginning to tick.

The autumnal hues painted the sky in warm tones, as if nature herself had dipped her brush in molten gold and crimson. The verdant trees stood tall, their branches weeping a myriad of vibrant leaves that danced and fluttered in"
mistral,Steampunk,5,4,Write a literary description of an autumn morning using metaphors and sensory imagery.,"In the enchanting cityscape of Amberhaven, where the sun's first golden rays cast long shadows on the cobblestone streets, the clockwork clock tolled the breaking of a new autumnal day. The year was 1889. The morning air was thick and crisp, like a freshly brewed cup of cocoa laced with cinnamon and cloves. The scent of woodsmoke wafted through the streets, mingling with the tang of damp leaves and the sweet aroma of freshly baked pies from the corner bakery.

The trees, once bedecked in the vibrant hues of summer, now donned the"
mistral,Steampunk,5,5,Write a literary description of an autumn morning using metaphors and sensory imagery.,"In the quaint town of Autumn's Edge, nestled between the rolling hills and the encroaching forest, the season of change had taken hold. The year was 1889, and autumn had graced the town with a breathtaking display of color and texture.

The morning sun rose slowly over the horizon, casting a warm, golden hue over the landscape. The air was crisp and cool, carrying with it the scent of woodsmoke and damp leaves. The rustling of foliage echoed through the stillness, a gentle symphony of life's final breath before winter's embrace.

The trees stood tall and proud, their branches adorned with a tap"
mistral,Post-Apocalyptic,1,1,Write a description of an autumn morning in a melancholic style.,"Title: Whispers of the Withered

In the bleak year of 2112, the world had surrendered to the gnawing jaws of decay. The season of autumn had long lost its vibrant, resplendent allure. An autumn morning now was a melancholic whisper of the past, a haunting echo of the once-glorious colors that graced the Earth.

The sun crept over the horizon, a dim, pallid orb that bathed the world in a feeble glow. The trees stood skeletal and bare, their leaves having long since succumbed to the merciless touch of time. The once-vivid oranges"
mistral,Post-Apocalyptic,1,2,Write a description of an autumn morning in a melancholic style.,"Title: Whispers of Autumn

In the desolate world of 2087, the passage of seasons held little joy for the survivors huddled in the remnants of civilization. Yet, even in this post-apocalyptic landscape, the arrival of autumn bore a melancholic beauty.

The sun peeked over the horizon, casting long, gnarled shadows as it rose through the veil of smoky air. The trees that still stood, their skeletal limbs reaching out like broken promises, began their autumnal transformation. The leaves, once a vibrant green, now donned a palette of oranges, reds, and yellows, rem"
mistral,Post-Apocalyptic,1,3,Write a description of an autumn morning in a melancholic style.,"Title: Whispers of Autumn's End

In the year 2145, as the remnants of a shattered world turned once more towards the wan light of a new day, the autumnal hues of the landscape painted a melancholic tableau. The trees, their leaves aglow with the fiery colors of crimson, gold, and amber, stood as sentinels against the encroaching darkness.

The crispness of the autumn air whispered its mournful message as it crept through the shattered remnants of abandoned buildings. The broken windows allowed the sun's rays to bathe the musty interiors in a warm, golden light"
mistral,Post-Apocalyptic,1,4,Write a description of an autumn morning in a melancholic style.,"Title: Whispers of Autumn

In the desolate aftermath of the Great Calamity, the once familiar seasons bore the weight of sorrow and longing. Autumn, in particular, held a bittersweet symphony for those who remained. The year was 2083, and the Earth wept in hues of amber and crimson.

The autumn mornings were melancholic spectacles, where the sun awoke the world with an eternal, yet fleeting, fire. The ashen trees that sprawled across the once fertile valleys stretched their branches towards the heavens, surrendering to the gentle touch of the dying sun. Their leaves, in"
mistral,Post-Apocalyptic,1,5,Write a description of an autumn morning in a melancholic style.,"Title: Whispers of Autumn's End

In the year 2120, as the sun began to rise above the desolate landscape, the remnants of a once-beautiful world were bathed in a melancholic autumn light. The trees that remained stood bare, their skeletal branches reaching out towards the heavens as if in supplication. Leaves that had once blazed with vibrant hues of red, orange, and gold now lay scattered on the ground, a testimony to the passing of the season.

The air held a bittersweet chill, a harbinger of the approaching winter. The silence was broken only by the soft crunch of gravel under"
mistral,Post-Apocalyptic,2,1,Create a short text portraying an autumn morning with a melancholic atmosphere.,"Title: Whispers of Autumn's End

In the year 2121, the world that once was a vibrant tapestry of life now lay draped in the somber hues of autumn. The once-verdant forests now donned the robes of rust, gold, and crimson, a testament to the passing of the seasons.

The bitter chill of the autumn mornings crept through the air, painting a melancholic backdrop for the desolate landscape. The echoes of the past reverberated through the hollowed-out shells of abandoned buildings, whispering tales of a time long gone.

The sun rose over the horizon, casting"
mistral,Post-Apocalyptic,2,2,Create a short text portraying an autumn morning with a melancholic atmosphere.,"Title: Autumn's Bitter Sweetness

In the year 2112, as the last vestiges of sunlight crept over the horizon, the world donned the golden hues of an autumn morning. The desolation that had long gripped the Earth was briefly hushed as the sun's warm rays kissed the decaying land.

Amidst the shattered ruins of what was once a bustling city, a lone figure stirred. The crisp autumn air carried an unmistakable chill, a reminder of the encroaching winter that would soon blanket the land in snow and ice. The days grew shorter and colder, each sunrise a brief triumph over the"
mistral,Post-Apocalyptic,2,3,Create a short text portraying an autumn morning with a melancholic atmosphere.,"Title: Whispers of Autumn
Text: In the year 2112, the world had long since surrendered to the cruel hand of time. The once vibrant hues of spring and summer had given way to the bittersweet tones of autumn. The autumnal leaves danced in the wind, a symphony of gold, orange, and red, painting the desolate landscape with fleeting beauty.

The cool morning air carried the faint scent of decaying foliage and damp earth. The sun rose slowly, casting long shadows over the empty streets and shattered ruins of what was once a thriving civilization. The silence was broken only by the distant echoes of the past, a"
mistral,Post-Apocalyptic,2,4,Create a short text portraying an autumn morning with a melancholic atmosphere.,"Title: Whispers of the Forgotten

In the year 2115, the world donned its autumnal cloak, a somber reminder of the time before the Great Drought. The once-verdant forests now bore the brittle shades of scarlet, gold, and orange, reflecting the waning days of a dying world.

An autumn morning crept in, painting the landscape in muted colors. The sun arose reluctantly, its feeble rays barely enough to pierce the thick veil of smog. The trees whispered their last leaves to the earth, casting long shadows over the desolate streets.

Amidst the ruins of civilization,"
mistral,Post-Apocalyptic,2,5,Create a short text portraying an autumn morning with a melancholic atmosphere.,"Title: Autumn's Last Breath

In the year 2112, the world donned a palette of faded hues as autumn made its final stand. The trees, once vibrant and lush, now bore the remnants of their former glory, their leaves akin to shards of amber and crimson. The air held an unmistakable chill, a harbinger of the coming winter.

On a morn of this desolate season, a figure trudged through the forest, their footsteps echoing through the stillness. The sun had yet to rise, and the remnants of twilight clung to the trees, casting long shadows. The"
mistral,Post-Apocalyptic,3,1,Describe an autumn morning using a sad nostalgic literary tone.,"In the bitter autumn of the year 2121, the sun rose over the shattered remnants of a once-beautiful world. The trees, now bereft of their vibrant fall foliage, stood as skeletal silhouettes against the crimson and gold-streaked sky. The air carried the bittersweet scent of decaying leaves, a melancholic reminder of the seasons past.

The morning breeze whispered through the desolate landscape, carrying with it the faint echoes of laughter and joy long since silenced. The husks of abandoned buildings, their windows shattered and empty, bore witness to the passage of time. In their shadow, the few survivors huddled"
mistral,Post-Apocalyptic,3,2,Describe an autumn morning using a sad nostalgic literary tone.,"Title: Whispers of Autumn's Past

In the desolate year of 2063, the world wept tears of amber and gold as autumn's sweet caress graced the post-apocalyptic landscapes. The once-verdant forests now donned a sorrowful mantle of crimson and orange leaves, casting long, melancholic shadows on the cracked and parched earth.

The sun, a weary and faded orb, peeked over the horizon, its dim light filtering through the barren branches. Chilled whispers of a bygone era danced on its gentle rays, carried by the hauntingly still breeze."
mistral,Post-Apocalyptic,3,3,Describe an autumn morning using a sad nostalgic literary tone.,"In the desolate year of 2114, the autumn mornings wore a melancholic hue. The once-vibrant landscape now lay draped in a somber silence, its colors muted and faded like the memories of a forgotten past. The scorched earth was dotted with the skeletal frames of trees, their leaves transformed into brittle shards of amber and gold.

The crisp morning air, once laden with the sweet scent of decaying foliage, now bore an unmistakable pang of sorrow. It carried with it the faintest echoes of laughter and life, a bitter-sweet reminder of the times long gone. The"
mistral,Post-Apocalyptic,3,4,Describe an autumn morning using a sad nostalgic literary tone.,"In the desolate autumn of the year 2121, the sun rose above the shattered ruins of a once-beautiful world. The trees that had once blushed with fiery hues of red and gold now stood skeletal and lifeless. Leaves, once vibrant and full, now lay strewn about like fallen soldiers on a battlefield. The crisp morning air carried the bitter-sweet scent of decaying foliage, a cruel reminder of the passage of time.

The sun, a mere flicker of light piercing through the dense smog, cast long shadows over the cracked and desolate earth. A gentle breeze whispered through the empty streets, carrying with it the"
mistral,Post-Apocalyptic,3,5,Describe an autumn morning using a sad nostalgic literary tone.,"Title: Whispers of Autumn's End

In the year 2112, the earth bore the scars of a time long past. The once vibrant hues of the autumn leaves were now muted, their colors dulled by the passage of time and the weight of the post-apocalyptic world. The remnants of humanity huddled in the fading light of their makeshift camps, their faces etched with lines of sorrow and longing.

The crisp autumn air smelled of smoke and decay, a bitter reminder of the world that had once thrived in the warmth of life's embrace. The trees stood tall and bare, their skeletal branches"
mistral,Post-Apocalyptic,4,1,Write a poetic paragraph about an autumn morning filled with melancholy.,"Amidst the ruins of a post-apocalyptic world, an autumn morning dawned with a melancholic beauty. The sun rose slowly over the desolate landscape, casting long, haunting shadows over the remnants of civilization. Yellow and red leaves fell softly from the skeletal remains of trees, dancing in the gentle breeze. The air was thick with the bittersweet scent of decay and the silence was deafening, broken only by the distant echoes of a world long forgotten. As the light filtered through the smoke-stained sky, it bathed the ruins in a warm, mournful glow, a poignant reminder of the passing of time and the fleeting nature of all"
mistral,Post-Apocalyptic,4,2,Write a poetic paragraph about an autumn morning filled with melancholy.,"In the year 2112, the Earth awoke to an autumn morning shrouded in desolation. The once-vibrant hues of autumn had faded into muted whispers, a reflection of the world's sorrowful past. The air hung heavy with the bittersweet scent of decay, a haunting reminder of the beauty that had been lost.

Upon the desolate landscape, the last leaves clung to the trees, shivering in the cold wind, their vibrant colors dulled by the passage of time. They danced in the air, a melancholic ballet of reds, oranges, and yellows, a final farewell to the season."
mistral,Post-Apocalyptic,4,3,Write a poetic paragraph about an autumn morning filled with melancholy.,"Amidst the ruins of a once vibrant world, an autumn morning dawned with a bitter sweet melancholy. The sun peeked over the horizon, casting long shadows on the barren landscape. The trees stood, their branches bare and brittle, whispering tales of loss and survival. The wind carried the scent of decaying leaves, a poignant reminder of the passage of time. The rivers, now mere trickles, reflected the faded splendor of a world long past its prime. In the distance, the smoldering remnants of a shattered civilization belched plumes of smoke, a haunting testament to the folly of man. Yet, amidst the desolation, there was"
mistral,Post-Apocalyptic,4,4,Write a poetic paragraph about an autumn morning filled with melancholy.,"Amidst the shattered remnants of a once-vibrant world, the autumn sun rose, casting long shadows across the desolate landscape. The red and gold leaves danced gently in the crisp morning air, a bitter-sweet reminder of the beauty that once thrived. The trees, skeletal and barren, reached out with gnarled branches towards the heavens, as if in desperate plea for the return of a golden age long past. The songbirds, their numbers dwindling, sang a mournful tune, their voices echoing through the hollowed-out shells of abandoned homes. The earth itself seemed to mourn, its once verdant and nurturing embrace"
mistral,Post-Apocalyptic,4,5,Write a poetic paragraph about an autumn morning filled with melancholy.,"In the desolate year of 2116, when autumn leaves fell like mournful tears,
The sun rose over a world scarred by time and despair,
The once vibrant hues of the season now muted,
A bittersweet symphony of loss and forgotten beauty.

Golden and crimson leaves whispered their tales to the wind,
A melancholic dance upon the dying trees,
Their crunchy steps echoing through the empty streets,
A symphony of the past, a chorus of the present.

The sun's fingers painted the sky with a faint glow,
A dying light in a world lost to the apocalypse,
The"
mistral,Post-Apocalyptic,5,1,Write a literary description of an autumn morning using metaphors and sensory imagery.,"In the desolate year of 2112, autumn cast its gentle yet haunting spell across the scorched earth. The mornings were no longer a symphony of birdsong and sunrise, but a melancholic tableau of decay and survival.

The sun, a weary traveler, rose slowly in the sky, casting long, eerie shadows that danced across the cracked earth. The trees, once vibrant with life, stood skeletal against the fiery orange backdrop. The leaves, which had once burst with the fiery hues of red, orange, and gold, now lay in a desolate heap, lifeless under the scorching sun.

The air"
mistral,Post-Apocalyptic,5,2,Write a literary description of an autumn morning using metaphors and sensory imagery.,"In the desolate year of 2112, Autumn's ember-kissed mornings cast a hauntingly beautiful glow upon the post-apocalyptic landscape. Amidst the wreckage of shattered dreams and broken worlds, Mother Nature persisted in her eternal dance, donning her most vibrant attire.

The sun, a fiery orb of resilience, rose from the ashes, scattering hues of amber, crimson, and gold across the sky. Each tree, a lone soldier, stood its ground, its leaves aflame with the intensity of a thousand blazing sunsets. The air was crisp and hushed, the quiet"
mistral,Post-Apocalyptic,5,3,Write a literary description of an autumn morning using metaphors and sensory imagery.,"In the desolateYear 2112, the world had been torn asunder by the aftermath of the Last Quake. Amidst the ruins of civilization, an autumn morning unfolded with a haunting beauty. The sun crept over the horizon, casting long, gnarled shadows across the hollowed earth. The trees, once dense and vibrant, now stood as skeletal giants, their branches reaching out in despair.

The air held a bittersweet scent, a melancholic blend of decay and the lingering promise of rebirth. The leaves that clung to the desiccated branches crackled beneath the chill of the early dawn, releasing a symphony of crunch"
mistral,Post-Apocalyptic,5,4,Write a literary description of an autumn morning using metaphors and sensory imagery.,"In the shattered year of 2112, the world lay bathed in the golden hues of autumn's last embrace. The scorched earth, a testament to the fiery battles waged in the not-so-distant past, was now adorned with a kaleidoscope of colors. The once-craggy landscape had softened, its edges blurred by the painterly strokes of vermilion, amber, and crimson.

The air was a symphony of crispness and decay. It sang of the impending winter, of the bittersweet end of another cycle of life. The rustling leaves, their once-vibrant hues"
mistral,Post-Apocalyptic,5,5,Write a literary description of an autumn morning using metaphors and sensory imagery.,"In the desolate year 2112, the autumnal equinox unveiled its melancholic tableau across the shattered earth. The sun, a weary traveler, rose timidly above the horizon, casting long, ghostly shadows over the cracked and parched ground. The once-verdant trees, now a skeletal tapestry of twisted branches, were painted in hues of crimson and gold, their leaves falling like whispers on the wind.

The air was thick with the bittersweet fragrance of decaying foliage, a poignant reminder of life's fleeting beauty. The crisp autumn breeze, a chill wind of sorrow"
mistral,Fairy Tale,1,1,Write a description of an autumn morning in a melancholic style.,"Title: The Autumn Morning of Melancholic Memories

In the land of Eldoria, where the veil between reality and fantasy was as thin as a spider's web, there was an enchantment that came over the forest every autumn morning. The once vibrant and colorful leaves now donned shades of melancholic reds, yellows, and browns, as the forest mourned the loss of summer's embrace.

The morning sun, a solitary figure in the sky, peeked over the horizon, casting long, lethargic shadows among the trees. The ancient trees, who had seen countless seasons come and go, stood there with an air of wisdom"
mistral,Fairy Tale,1,2,Write a description of an autumn morning in a melancholic style.,"Title: The Melancholic Autumn Morning in the Enchanted Grove

Once upon a time, in the hidden heart of Eldoria, where the veil between reality and myth was at its thinnest, there lay the Enchanted Grove. This magical place, tucked away amidst the towering trees and the gentle hills, was particularly breathtaking during the autumn season.

As the first light of dawn peered through the leaves, the sun's rays painted the grove in an amber glow. The once lush, green canopy had transformed into a mosaic of fiery reds, golden yellows, and deep, mournful purples. The autumn winds"
mistral,Fairy Tale,1,3,Write a description of an autumn morning in a melancholic style.,"Title: The Autumn Forest of Wistful Memories

Once upon a time, in the land of Avalonia, where the veil between reality and dreams was as thin as a cobweb, there existed a forest unlike any other. This was the Autumn Forest of Wistful Memories, a place where the passage of time seemed to come to a gentle halt.

On crisp autumn mornings, the forest would awaken with a melancholic sigh. The once vibrant leaves on the trees had transformed into a tapestry of gold, amber, and scarlet hues. Each leaf was like a memory, fading yet beautiful, clinging to the branches before surrendering to"
mistral,Fairy Tale,1,4,Write a description of an autumn morning in a melancholic style.,"Title: The Melancholic Autumn Glow

In the land of Eldoria, where the veil between reality and dreams grew thin, there existed an extraordinary place that held its breath during the autumn season. This was the Enchanted Grove of Mourning Blooms, a secluded haven where time seemed to stand still.

As the sun rose on a melancholic autumn morning, the grove awakened from its slumber. The once vibrant leaves of the trees were now a tapestry of crimson, gold, and amber, weeping their last colors before surrendering to the inevitable winter's frost. An ethereal mist hovered amongst the trees, casting an"
mistral,Fairy Tale,1,5,Write a description of an autumn morning in a melancholic style.,"Title: The Melancholic Autumn Morning in the Enchanted Grove

In the heart of the mystical land of Eldoria, nestled between ancient hills and the gently weeping rivers, lay an enchanted grove, bathed in the soft, golden light of a melancholic autumn morning. The trees of this grove, once clad in vibrant greens and the brightest of hues, now donned the somber shades of rust, amber, and crimson, as if to mourn the passing of summer's embrace.

The enchanted grove was a place of quiet reflection, where the echoes of laughter and joyfulness seemed to blend seamlessly into"
mistral,Fairy Tale,2,1,Create a short text portraying an autumn morning with a melancholic atmosphere.,"In the enchanted land of Autumnia, where the golden hues of fall painted the landscape, the sun rose slowly over the horizon, casting a melancholic glow upon the forest. The air was crisp with the scent of decaying leaves and the faint hint of woodsmoke from distant hearths.

Amidst the golden boughs of the ancient trees, the leaves danced gently in the early morning breeze, their vibrant colors transforming the forest into a breathtaking tapestry of gold, red, and orange. The forest floor was covered in a thick layer of fallen leaves, crunching softly underfoot as the forest creatures awoke from their slumber.

A"
mistral,Fairy Tale,2,2,Create a short text portraying an autumn morning with a melancholic atmosphere.,"Title: The Autumnal Whispers of Elderscape

Once upon a time in the land of Elderscape, where the golden hues of autumn painted the world in its radiant splendor, there was an enchanted grove known as the Whispering Woods. This quaint corner of the realm came alive every autumn morning, when the sun cast long, amber shadows across the forest floor and the crisp air tingled with the scent of ripening apples and fallen leaves.

As the first light of day broke through the canopy of trees, the Whispering Woods would begin to stir. The leaves on the ground, once a vibrant array of red"
mistral,Fairy Tale,2,3,Create a short text portraying an autumn morning with a melancholic atmosphere.,"Title: The Autumn Forest of Melancholia

Once upon a time, in the mystical land of Eldoria, there was a forest unlike any other. Nestled between the seasons, it was a place where autumn held sway, painting the world in hues of gold, crimson, and amber. This was the Autumn Forest of Melancholia.

As the first light of dawn broke through the canopy, it bathed the forest floor in a warm, golden glow. Yet the mood was somber as the trees wept tears of leaves in shades of red and gold. A gentle breeze rustled through the branches, carrying with it the faint scent of woodsmoke and the distant sounds of"
mistral,Fairy Tale,2,4,Create a short text portraying an autumn morning with a melancholic atmosphere.,"Title: The Autumn Forest of Amethyst

Once upon a time in the enchanted land of Avalon, where the golden sun and the crimson leaves painted the sky, there was an autumn forest by the name of Amethyst. This forest was a sight to behold, particularly in the mornings when the sun was just peeking over the horizon.

The golden rays of the sun filtered through the trees, illuminating the forest floor with a warm, golden hue. The leaves of the trees were a riot of colors, from fiery reds to deep yellows, and as they tumbled to the ground, they whispered tales of the changing seasons.

But"
mistral,Fairy Tale,2,5,Create a short text portraying an autumn morning with a melancholic atmosphere.,"Title: The Melancholic Autumn Forest

In the heart of the mystical land of Eldoria, where the last vestiges of summer clung to the trees, there lay an enchanted forest shrouded in the golden hues of autumn. The crisp morning air carried with it a bittersweet scent of decaying leaves, mingled with the faint whispers of the breeze.

The sun, a golden orb of radiant light, peeked through the canopy of trees, casting long, lazy shadows on the forest floor. The leaves, once a vibrant green, now donned fiery hues of red, orange, and gold, their vibrancy fading away with each passing"
mistral,Fairy Tale,3,1,Describe an autumn morning using a sad nostalgic literary tone.,"Title: The Melancholic Autumn Morning

In the quaint and tranquil land of serenity, where the gentle whispers of time echoed among the whispers of the wind, there lay an autumn morning of profound sadness and nostalgia. The sun, a golden orb of despair, began to rise above the horizon, casting long, elongated shadows that reached out and touched the crisp, brittle leaves beneath. The trees, once vibrant and alive with the hues of summer, now stood bare, their skeletal branches stretching out like the spindly fingers of forgotten memories.

The air, once sweet and lively with the scents of blooming flowers, now"
mistral,Fairy Tale,3,2,Describe an autumn morning using a sad nostalgic literary tone.,"Once upon a time in the land of Autumnia, where the golden hues of the setting sun held a bittersweet allure, there lay a tranquil scene of an autumn morning. The air carried the scent of crisp leaves, mingled with the faint hint of woodsmoke from distant hearths. The colors of the season painted the landscape in shades of amber, scarlet, and orange.

Yet, upon this picturesque canvas, there lingered an aura of melancholy. The trees, once a vibrant green, now stood bare and weary, their leaves scattered like memories upon the forest floor. The sun, once a radiant presence, now cast long,"
mistral,Fairy Tale,3,3,Describe an autumn morning using a sad nostalgic literary tone.,"Once upon a time, in the land of Autumnia, where the golden hues of falling leaves whispered tales of time's fleeting kiss, there came a melancholic autumn morning. The sun, a weary traveler, rose with a sorrowful heart, as if reluctant to part with the last vestiges of summer's warm embrace.

The trees, once a vibrant canopy of emerald green, now stood bare and somber, their skeletal branches reaching out in forlorn silhouettes against the pink and orange sky. The leaves, once a riot of colors, now lay in a quilted carpet beneath the trees, their hues fading to a muted"
mistral,Fairy Tale,3,4,Describe an autumn morning using a sad nostalgic literary tone.,"Once upon a time in the enchanted land of Azeroth, where the golden hues of memories danced on the edges of twilight, there came an autumn morning, wistful and melancholic. The sun arose slowly, its orange-tinted rays barely creeping over the horizon, casting the world in a soft, amber glow.

Beneath the weeping willows, the leaves of scarlet and amber danced in the gentle breeze, their colors a poignant reminder of the passage of time. A quiet, somber melody from a hidden lute wafted through the air, carried on the wings of the wind, mingling with the crisp frag"
mistral,Fairy Tale,3,5,Describe an autumn morning using a sad nostalgic literary tone.,"Title: The Sad Autumn Morning of Yesterland

Once upon a time, in the enchanted land of Yesterland, where the golden hues of nostalgia painted the landscape, an autumn morning dawned. The sun rose slowly, casting long shadows across the once vibrant and lively forest. The leaves on the trees, which had once blazed with fiery reds and oranges, now lay in a melancholic pile on the forest floor.

The gentle breeze, carrying the bittersweet scent of decaying leaves, whispered through the barren branches. The air was crisp and cool, reflecting the melancholic mood of the forest. The silence was broken only by the distant"
mistral,Fairy Tale,4,1,Write a poetic paragraph about an autumn morning filled with melancholy.,"Once upon an autumn morn in the land of Yew, where the golden sun peeked through the crimson veil of trees, there lay a scene of melancholic beauty. The air was filled with the sighs of waning summer, the scent of crisp leaves underfoot, and the whispering breeze that carried the last gasps of swaying trees. In the heart of this enchanted grove, a brook babbled on, its waters reflecting the fiery hues of leaves above, as if in a trance of their own farewell. Amidst the rustling foliage, the ancient crone of autumn presided, her voice an echo of whispers, a lament"
mistral,Fairy Tale,4,2,Write a poetic paragraph about an autumn morning filled with melancholy.,"In the land of Autumnia, where leaves once bloomed in vibrant hues, an autumn morning dawned with a quiet, melancholic grace. The sun arose, casting long shadows over the forest floor, as if to mourn the passing of summer's splendor. The trees wept crimson tears, their leaves cascading gently to the ground, creating a tapestry of sorrow beneath them. The mist clung to the earth, a veil of memory, shrouding the forest in a gentle haze. A crisp wind whispered through the trees, carrying with it the scent of decaying leaves and the bittersweet reminders of summers past. The world seemed to pause,"
mistral,Fairy Tale,4,3,Write a poetic paragraph about an autumn morning filled with melancholy.,"In the land of Amberia, where the sun's last kiss caressed the earth, awoke an autumn morning, veiled in melancholic beauty. Crimson and gold leaves pirouetted in the wind, whispering tales of summers past, as the silver sunlight filtered through the trees, bathing the forest floor in a warm, yet transient glow. The air carried the scent of woodsmoke and crisp apple, mingling with the bittersweet lament of the waning year. Each rustling leaf, each falling tear, echoed the sadness of the passing season, a poignant reminder of the cycle of life and the bittersweet taste of time."
mistral,Fairy Tale,4,4,Write a poetic paragraph about an autumn morning filled with melancholy.,"Once upon an autumn morn in the land of Eldamar, where the last vestiges of summer's glow met the impending chill of winter's approach, there lay a scene of quiet melancholy. The golden leaves of the ancient woodlands wept softly, their gentle rustling a mournful symphony, as the first rays of the sun peeked through the scarlet and amber canopy. The air was filled with the bittersweet scent of decay and renewal, a fragrant reminder of the passage of time. Each leaf, a brilliant masterpiece upon the forest floor, surrendered to the inevitable dance of life and death, whispering tales of the seasons' infinite cycle. As the"
mistral,Fairy Tale,4,5,Write a poetic paragraph about an autumn morning filled with melancholy.,"In the land of Aurelia, where autumn painted the world in hues of gold, there lay an enchanted morn. The sun rose slowly, gilding the edges of the trees in a tapestry of amber and orange. Leaves danced gently in the crisp morning breeze, whispering secrets of summer's end. The air was filled with the pungent scent of decaying foliage, a bittersweet reminder of the passing of time. The trees stood tall and proud, their once-verdant limbs now ablaze with the fiery leaves of autumn. The river mirrored the scene, its glassy surface sparkling with the reflection of the changing season."
mistral,Fairy Tale,5,1,Write a literary description of an autumn morning using metaphors and sensory imagery.,"Once upon a time in the enchanted land of Autumnia, where gold and crimson hues painted the sky, there was a breathtaking morning that stirred the very souls of those who beheld it. The sun arose like a radiant orb, casting a warm, golden glow upon the slumbering land. The trees, once adorned in vibrant greens, now donned the most stunning autumn attire. Their leaves, aflame with fiery hues of scarlet, amber, and auburn, danced gracefully in the gentle autumn breeze. The crisp, cool air carried the sweet aroma of withered leaves and the tantalizing scent of freshly b"
mistral,Fairy Tale,5,2,Write a literary description of an autumn morning using metaphors and sensory imagery.,"Once upon an autumn morning in the enchanted land of Avalon, where the golden hues of sunrise embraced the awakening earth, a symphony of colors danced in the forest. The trees, once clad in the verdant robes of summer, now donned the fiery attire of autumn. They were ablaze with hues of crimson, amber, and gold, as if the entire forest had been set aflame in an artful blaze.

The leaves, like the pages of a well-loved book, rustled and whispered as they descended to the forest floor, forming a quilted tapestry of colors beneath the ancient trees. The"
mistral,Fairy Tale,5,3,Write a literary description of an autumn morning using metaphors and sensory imagery.,"Once upon a time in the enchanted land of Autumnia, where the sun began to paint the sky with hues of crimson and gold, there lay a magical morning unlike any other. The trees, once dressed in the vibrant greens of spring and summer, now donned their autumnal robes, shedding their leaves in a dance of colors that dazzled the senses.

The air was crisp and cool, like the first sip of a refreshing apple cider on a chilly day. The scent of burning leaves lingered, mingling with the sweet fragrance of pine needles and the earthy aroma of damp soil. The sky was a canvas of ever-changing"
mistral,Fairy Tale,5,4,Write a literary description of an autumn morning using metaphors and sensory imagery.,"Once upon a time in the enchanted land of Amberwood, where the colors of fall painted the world in hues of gold and crimson, there arose an autumn morning of unparalleled beauty. The sun peeked over the horizon, casting long shadows across the forest floor, as if tracing the intricate designs of an ancient tapestry.

The trees, once a vibrant green, now donned robes of gold and red, their leaves whispering a symphony of rustling, crunching underfoot. The air held a crisp, cool bite, like a mother's warm embrace on a blustery day. A gentle breeze wove its way through the treetops"
mistral,Fairy Tale,5,5,Write a literary description of an autumn morning using metaphors and sensory imagery.,"Once upon an autumn morn in the magical land of Eldora, the world awoke to a symphony of hues, as if the celestial palette had been painted anew. Sunlight cascaded through the golden leaves of the Enchanted Autumn Grove, illuminating a tapestry of colors woven from the dreams of the spirits.

The trees whispered their tender secrets to the morning breeze, their rustling leaves as amber, crimson, and gold as the warmest sunsets, yet bearing the crispness of a new day's beginning. The air was a fragrant symphony of decay and rebirth, as the dying leaves released their scents into the atmosphere"
